Species	Genus	Family	SubFamily	MajorGroup
Acanthocercus_adramitanus	Acanthocercus	Agamidae	Agaminae	Acrodonta
Acanthocercus_annectens	Acanthocercus	Agamidae	Agaminae	Acrodonta
Acanthocercus_atricollis	Acanthocercus	Agamidae	Agaminae	Acrodonta
Acanthocercus_cyanogaster	Acanthocercus	Agamidae	Agaminae	Acrodonta
Acanthocercus_yemensis	Acanthocercus	Agamidae	Agaminae	Acrodonta
Acanthosaura_armata	Acanthosaura	Agamidae	Draconinae	Acrodonta
Acanthosaura_capra	Acanthosaura	Agamidae	Draconinae	Acrodonta
Acanthosaura_crucigera	Acanthosaura	Agamidae	Draconinae	Acrodonta
Acanthosaura_lepidogaster	Acanthosaura	Agamidae	Draconinae	Acrodonta
Agama_aculeata	Agama	Agamidae	Agaminae	Acrodonta
Agama_africana	Agama	Agamidae	Agaminae	Acrodonta
Agama_agama	Agama	Agamidae	Agaminae	Acrodonta
Agama_anchietae	Agama	Agamidae	Agaminae	Acrodonta
Agama_armata	Agama	Agamidae	Agaminae	Acrodonta
Agama_atra	Agama	Agamidae	Agaminae	Acrodonta
Agama_boensis	Agama	Agamidae	Agaminae	Acrodonta
Agama_bottegi	Agama	Agamidae	Agaminae	Acrodonta
Agama_boueti	Agama	Agamidae	Agaminae	Acrodonta
Agama_boulengeri	Agama	Agamidae	Agaminae	Acrodonta
Agama_caudospinosa	Agama	Agamidae	Agaminae	Acrodonta
Agama_cristata	Agama	Agamidae	Agaminae	Acrodonta
Agama_doriae	Agama	Agamidae	Agaminae	Acrodonta
Agama_etoshae	Agama	Agamidae	Agaminae	Acrodonta
Agama_finchi	Agama	Agamidae	Agaminae	Acrodonta
Agama_gracilimembris	Agama	Agamidae	Agaminae	Acrodonta
Agama_hartmanni	Agama	Agamidae	Agaminae	Acrodonta
Agama_hispida	Agama	Agamidae	Agaminae	Acrodonta
Agama_impalearis	Agama	Agamidae	Agaminae	Acrodonta
Agama_insularis	Agama	Agamidae	Agaminae	Acrodonta
Agama_kaimosae	Agama	Agamidae	Agaminae	Acrodonta
Agama_kirkii	Agama	Agamidae	Agaminae	Acrodonta
Agama_knobeli	Agama	Agamidae	Agaminae	Acrodonta
Agama_lebretoni	Agama	Agamidae	Agaminae	Acrodonta
Agama_lionotus	Agama	Agamidae	Agaminae	Acrodonta
Agama_montana	Agama	Agamidae	Agaminae	Acrodonta
Agama_mossambica	Agama	Agamidae	Agaminae	Acrodonta
Agama_mwanzae	Agama	Agamidae	Agaminae	Acrodonta
Agama_parafricana	Agama	Agamidae	Agaminae	Acrodonta
Agama_paragama	Agama	Agamidae	Agaminae	Acrodonta
Agama_planiceps	Agama	Agamidae	Agaminae	Acrodonta
Agama_robecchii	Agama	Agamidae	Agaminae	Acrodonta
Agama_rueppelli	Agama	Agamidae	Agaminae	Acrodonta
Agama_sankaranica	Agama	Agamidae	Agaminae	Acrodonta
Agama_spinosa	Agama	Agamidae	Agaminae	Acrodonta
Agama_tassiliensis	Agama	Agamidae	Agaminae	Acrodonta
Agama_turuensis	Agama	Agamidae	Agaminae	Acrodonta
Agama_weidholzi	Agama	Agamidae	Agaminae	Acrodonta
Amblyrhynchus_cristatus	Amblyrhynchus	Iguanidae	NA	Pleurodonta
Amphibolurus_muricatus	Amphibolurus	Agamidae	Amphibolurinae	Acrodonta
Amphibolurus_norrisi	Amphibolurus	Agamidae	Amphibolurinae	Acrodonta
Anisolepis_grilli	Anisolepis	Leiosauridae	Enyaliinae	Pleurodonta
Anisolepis_longicauda	Anisolepis	Leiosauridae	Enyaliinae	Pleurodonta
Anolis_acutus	Anolis	Dactyloidae	NA	Pleurodonta
Anolis_aeneus	Anolis	Dactyloidae	NA	Pleurodonta
Anolis_aequatorialis	Anolis	Dactyloidae	NA	Pleurodonta
Anolis_agassizi	Anolis	Dactyloidae	NA	Pleurodonta
Anolis_ahli	Anolis	Dactyloidae	NA	Pleurodonta
Anolis_alayoni	Anolis	Dactyloidae	NA	Pleurodonta
Anolis_alfaroi	Anolis	Dactyloidae	NA	Pleurodonta
Anolis_aliniger	Anolis	Dactyloidae	NA	Pleurodonta
Anolis_allisoni	Anolis	Dactyloidae	NA	Pleurodonta
Anolis_allogus	Anolis	Dactyloidae	NA	Pleurodonta
Anolis_alocomyos	Anolis	Dactyloidae	NA	Pleurodonta
Anolis_altae	Anolis	Dactyloidae	NA	Pleurodonta
Anolis_altitudinalis	Anolis	Dactyloidae	NA	Pleurodonta
Anolis_alumina	Anolis	Dactyloidae	NA	Pleurodonta
Anolis_alutaceus	Anolis	Dactyloidae	NA	Pleurodonta
Anolis_alvarezdeltoroi	Anolis	Dactyloidae	NA	Pleurodonta
Anolis_amplisquamosus	Anolis	Dactyloidae	NA	Pleurodonta
Anolis_anatoloros	Anolis	Dactyloidae	NA	Pleurodonta
Anolis_anfiloquioi	Anolis	Dactyloidae	NA	Pleurodonta
Anolis_angusticeps	Anolis	Dactyloidae	NA	Pleurodonta
Anolis_anisolepis	Anolis	Dactyloidae	NA	Pleurodonta
Anolis_annectens	Anolis	Dactyloidae	NA	Pleurodonta
Anolis_anoriensis	Anolis	Dactyloidae	NA	Pleurodonta
Anolis_antonii	Anolis	Dactyloidae	NA	Pleurodonta
Anolis_apletolepis	Anolis	Dactyloidae	NA	Pleurodonta
Anolis_apletophallus	Anolis	Dactyloidae	NA	Pleurodonta
Anolis_apollinaris	Anolis	Dactyloidae	NA	Pleurodonta
Anolis_aquaticus	Anolis	Dactyloidae	NA	Pleurodonta
Anolis_argenteolus	Anolis	Dactyloidae	NA	Pleurodonta
Anolis_argillaceus	Anolis	Dactyloidae	NA	Pleurodonta
Anolis_armouri	Anolis	Dactyloidae	NA	Pleurodonta
Anolis_auratus	Anolis	Dactyloidae	NA	Pleurodonta
Anolis_bahorucoensis	Anolis	Dactyloidae	NA	Pleurodonta
Anolis_baleatus	Anolis	Dactyloidae	NA	Pleurodonta
Anolis_baracoae	Anolis	Dactyloidae	NA	Pleurodonta
Anolis_barahonae	Anolis	Dactyloidae	NA	Pleurodonta
Anolis_barbatus	Anolis	Dactyloidae	NA	Pleurodonta
Anolis_barbouri	Anolis	Dactyloidae	NA	Pleurodonta
Anolis_barkeri	Anolis	Dactyloidae	NA	Pleurodonta
Anolis_bartschi	Anolis	Dactyloidae	NA	Pleurodonta
Anolis_benedikti	Anolis	Dactyloidae	NA	Pleurodonta
Anolis_bicaorum	Anolis	Dactyloidae	NA	Pleurodonta
Anolis_bimaculatus	Anolis	Dactyloidae	NA	Pleurodonta
Anolis_biporcatus	Anolis	Dactyloidae	NA	Pleurodonta
Anolis_bitectus	Anolis	Dactyloidae	NA	Pleurodonta
Anolis_blanquillanus	Anolis	Dactyloidae	NA	Pleurodonta
Anolis_bombiceps	Anolis	Dactyloidae	NA	Pleurodonta
Anolis_bonairensis	Anolis	Dactyloidae	NA	Pleurodonta
Anolis_boulengerianus	Anolis	Dactyloidae	NA	Pleurodonta
Anolis_brasiliensis	Anolis	Dactyloidae	NA	Pleurodonta
Anolis_bremeri	Anolis	Dactyloidae	NA	Pleurodonta
Anolis_brevirostris	Anolis	Dactyloidae	NA	Pleurodonta
Anolis_brunneus	Anolis	Dactyloidae	NA	Pleurodonta
Anolis_calimae	Anolis	Dactyloidae	NA	Pleurodonta
Anolis_campbelli	Anolis	Dactyloidae	NA	Pleurodonta
Anolis_capito	Anolis	Dactyloidae	NA	Pleurodonta
Anolis_carlliebi	Anolis	Dactyloidae	NA	Pleurodonta
Anolis_carolinensis	Anolis	Dactyloidae	NA	Pleurodonta
Anolis_carpenteri	Anolis	Dactyloidae	NA	Pleurodonta
Anolis_casildae	Anolis	Dactyloidae	NA	Pleurodonta
Anolis_caudalis	Anolis	Dactyloidae	NA	Pleurodonta
Anolis_centralis	Anolis	Dactyloidae	NA	Pleurodonta
Anolis_chamaeleonides	Anolis	Dactyloidae	NA	Pleurodonta
Anolis_chloris	Anolis	Dactyloidae	NA	Pleurodonta
Anolis_chlorocyanus	Anolis	Dactyloidae	NA	Pleurodonta
Anolis_chlorodius	Anolis	Dactyloidae	NA	Pleurodonta
Anolis_christophei	Anolis	Dactyloidae	NA	Pleurodonta
Anolis_chrysolepis	Anolis	Dactyloidae	NA	Pleurodonta
Anolis_clivicola	Anolis	Dactyloidae	NA	Pleurodonta
Anolis_cobanensis	Anolis	Dactyloidae	NA	Pleurodonta
Anolis_coelestinus	Anolis	Dactyloidae	NA	Pleurodonta
Anolis_compressicauda	Anolis	Dactyloidae	NA	Pleurodonta
Anolis_confusus	Anolis	Dactyloidae	NA	Pleurodonta
Anolis_conspersus	Anolis	Dactyloidae	NA	Pleurodonta
Anolis_cooki	Anolis	Dactyloidae	NA	Pleurodonta
Anolis_crassulus	Anolis	Dactyloidae	NA	Pleurodonta
Anolis_cristatellus	Anolis	Dactyloidae	NA	Pleurodonta
Anolis_cryptolimifrons	Anolis	Dactyloidae	NA	Pleurodonta
Anolis_cupeyalensis	Anolis	Dactyloidae	NA	Pleurodonta
Anolis_cupreus	Anolis	Dactyloidae	NA	Pleurodonta
Anolis_cuprinus	Anolis	Dactyloidae	NA	Pleurodonta
Anolis_cusuco	Anolis	Dactyloidae	NA	Pleurodonta
Anolis_cuvieri	Anolis	Dactyloidae	NA	Pleurodonta
Anolis_cyanopleurus	Anolis	Dactyloidae	NA	Pleurodonta
Anolis_cybotes	Anolis	Dactyloidae	NA	Pleurodonta
Anolis_cymbops	Anolis	Dactyloidae	NA	Pleurodonta
Anolis_danieli	Anolis	Dactyloidae	NA	Pleurodonta
Anolis_darlingtoni	Anolis	Dactyloidae	NA	Pleurodonta
Anolis_desechensis	Anolis	Dactyloidae	NA	Pleurodonta
Anolis_dissimilis	Anolis	Dactyloidae	NA	Pleurodonta
Anolis_distichus	Anolis	Dactyloidae	NA	Pleurodonta
Anolis_divius	Anolis	Dactyloidae	NA	Pleurodonta
Anolis_dolichocephalus	Anolis	Dactyloidae	NA	Pleurodonta
Anolis_duellmani	Anolis	Dactyloidae	NA	Pleurodonta
Anolis_dunni	Anolis	Dactyloidae	NA	Pleurodonta
Anolis_eladioi	Anolis	Dactyloidae	NA	Pleurodonta
Anolis_elcopeensis	Anolis	Dactyloidae	NA	Pleurodonta
Anolis_equestris	Anolis	Dactyloidae	NA	Pleurodonta
Anolis_ernestwilliamsi	Anolis	Dactyloidae	NA	Pleurodonta
Anolis_etheridgei	Anolis	Dactyloidae	NA	Pleurodonta
Anolis_eugenegrahami	Anolis	Dactyloidae	NA	Pleurodonta
Anolis_euskalerriari	Anolis	Dactyloidae	NA	Pleurodonta
Anolis_evermanni	Anolis	Dactyloidae	NA	Pleurodonta
Anolis_extremus	Anolis	Dactyloidae	NA	Pleurodonta
Anolis_fasciatus	Anolis	Dactyloidae	NA	Pleurodonta
Anolis_ferreus	Anolis	Dactyloidae	NA	Pleurodonta
Anolis_festae	Anolis	Dactyloidae	NA	Pleurodonta
Anolis_fitchi	Anolis	Dactyloidae	NA	Pleurodonta
Anolis_fortunensis	Anolis	Dactyloidae	NA	Pleurodonta
Anolis_fowleri	Anolis	Dactyloidae	NA	Pleurodonta
Anolis_fraseri	Anolis	Dactyloidae	NA	Pleurodonta
Anolis_frenatus	Anolis	Dactyloidae	NA	Pleurodonta
Anolis_fugitivus	Anolis	Dactyloidae	NA	Pleurodonta
Anolis_fuscoauratus	Anolis	Dactyloidae	NA	Pleurodonta
Anolis_gadovii	Anolis	Dactyloidae	NA	Pleurodonta
Anolis_gaigei	Anolis	Dactyloidae	NA	Pleurodonta
Anolis_garmani	Anolis	Dactyloidae	NA	Pleurodonta
Anolis_garridoi	Anolis	Dactyloidae	NA	Pleurodonta
Anolis_gemmosus	Anolis	Dactyloidae	NA	Pleurodonta
Anolis_ginaelisae	Anolis	Dactyloidae	NA	Pleurodonta
Anolis_gingivinus	Anolis	Dactyloidae	NA	Pleurodonta
Anolis_gonavensis	Anolis	Dactyloidae	NA	Pleurodonta
Anolis_grahami	Anolis	Dactyloidae	NA	Pleurodonta
Anolis_griseus	Anolis	Dactyloidae	NA	Pleurodonta
Anolis_gruuo	Anolis	Dactyloidae	NA	Pleurodonta
Anolis_guafe	Anolis	Dactyloidae	NA	Pleurodonta
Anolis_guamuhaya	Anolis	Dactyloidae	NA	Pleurodonta
Anolis_guazuma	Anolis	Dactyloidae	NA	Pleurodonta
Anolis_gundlachi	Anolis	Dactyloidae	NA	Pleurodonta
Anolis_haetianus	Anolis	Dactyloidae	NA	Pleurodonta
Anolis_hendersoni	Anolis	Dactyloidae	NA	Pleurodonta
Anolis_heterodermus	Anolis	Dactyloidae	NA	Pleurodonta
Anolis_heteropholidotus	Anolis	Dactyloidae	NA	Pleurodonta
Anolis_hobartsmithi	Anolis	Dactyloidae	NA	Pleurodonta
Anolis_homolechis	Anolis	Dactyloidae	NA	Pleurodonta
Anolis_huilae	Anolis	Dactyloidae	NA	Pleurodonta
Anolis_humilis	Anolis	Dactyloidae	NA	Pleurodonta
Anolis_hyacinthogularis	Anolis	Dactyloidae	NA	Pleurodonta
Anolis_ibanezi	Anolis	Dactyloidae	NA	Pleurodonta
Anolis_imias	Anolis	Dactyloidae	NA	Pleurodonta
Anolis_immaculogularis	Anolis	Dactyloidae	NA	Pleurodonta
Anolis_inderenae	Anolis	Dactyloidae	NA	Pleurodonta
Anolis_inexpectatus	Anolis	Dactyloidae	NA	Pleurodonta
Anolis_insignis	Anolis	Dactyloidae	NA	Pleurodonta
Anolis_insolitus	Anolis	Dactyloidae	NA	Pleurodonta
Anolis_intermedius	Anolis	Dactyloidae	NA	Pleurodonta
Anolis_isolepis	Anolis	Dactyloidae	NA	Pleurodonta
Anolis_jacare	Anolis	Dactyloidae	NA	Pleurodonta
Anolis_johnmeyeri	Anolis	Dactyloidae	NA	Pleurodonta
Anolis_jubar	Anolis	Dactyloidae	NA	Pleurodonta
Anolis_kemptoni	Anolis	Dactyloidae	NA	Pleurodonta
Anolis_koopmani	Anolis	Dactyloidae	NA	Pleurodonta
Anolis_kreutzi	Anolis	Dactyloidae	NA	Pleurodonta
Anolis_krugi	Anolis	Dactyloidae	NA	Pleurodonta
Anolis_kunayalae	Anolis	Dactyloidae	NA	Pleurodonta
Anolis_laeviventris	Anolis	Dactyloidae	NA	Pleurodonta
Anolis_landestoyi	Anolis	Dactyloidae	NA	Pleurodonta
Anolis_latifrons	Anolis	Dactyloidae	NA	Pleurodonta
Anolis_leachii	Anolis	Dactyloidae	NA	Pleurodonta
Anolis_leditzigorum	Anolis	Dactyloidae	NA	Pleurodonta
Anolis_lemurinus	Anolis	Dactyloidae	NA	Pleurodonta
Anolis_leucodera	Anolis	Dactyloidae	NA	Pleurodonta
Anolis_limifrons	Anolis	Dactyloidae	NA	Pleurodonta
Anolis_lineatopus	Anolis	Dactyloidae	NA	Pleurodonta
Anolis_lineatus	Anolis	Dactyloidae	NA	Pleurodonta
Anolis_liogaster	Anolis	Dactyloidae	NA	Pleurodonta
Anolis_lionotus	Anolis	Dactyloidae	NA	Pleurodonta
Anolis_litoralis	Anolis	Dactyloidae	NA	Pleurodonta
Anolis_lividus	Anolis	Dactyloidae	NA	Pleurodonta
Anolis_longiceps	Anolis	Dactyloidae	NA	Pleurodonta
Anolis_longitibialis	Anolis	Dactyloidae	NA	Pleurodonta
Anolis_lososi	Anolis	Dactyloidae	NA	Pleurodonta
Anolis_loveridgei	Anolis	Dactyloidae	NA	Pleurodonta
Anolis_loysiana	Anolis	Dactyloidae	NA	Pleurodonta
Anolis_luciae	Anolis	Dactyloidae	NA	Pleurodonta
Anolis_lucius	Anolis	Dactyloidae	NA	Pleurodonta
Anolis_luteogularis	Anolis	Dactyloidae	NA	Pleurodonta
Anolis_macilentus	Anolis	Dactyloidae	NA	Pleurodonta
Anolis_macrinii	Anolis	Dactyloidae	NA	Pleurodonta
Anolis_maculigula	Anolis	Dactyloidae	NA	Pleurodonta
Anolis_magnaphallus	Anolis	Dactyloidae	NA	Pleurodonta
Anolis_marcanoi	Anolis	Dactyloidae	NA	Pleurodonta
Anolis_mariarum	Anolis	Dactyloidae	NA	Pleurodonta
Anolis_marmoratus	Anolis	Dactyloidae	NA	Pleurodonta
Anolis_marron	Anolis	Dactyloidae	NA	Pleurodonta
Anolis_marsupialis	Anolis	Dactyloidae	NA	Pleurodonta
Anolis_matudai	Anolis	Dactyloidae	NA	Pleurodonta
Anolis_maynardi	Anolis	Dactyloidae	NA	Pleurodonta
Anolis_medemi	Anolis	Dactyloidae	NA	Pleurodonta
Anolis_megapholidotus	Anolis	Dactyloidae	NA	Pleurodonta
Anolis_meridionalis	Anolis	Dactyloidae	NA	Pleurodonta
Anolis_mestrei	Anolis	Dactyloidae	NA	Pleurodonta
Anolis_microlepidotus	Anolis	Dactyloidae	NA	Pleurodonta
Anolis_microtus	Anolis	Dactyloidae	NA	Pleurodonta
Anolis_milleri	Anolis	Dactyloidae	NA	Pleurodonta
Anolis_monensis	Anolis	Dactyloidae	NA	Pleurodonta
Anolis_monteverde	Anolis	Dactyloidae	NA	Pleurodonta
Anolis_monticola	Anolis	Dactyloidae	NA	Pleurodonta
Anolis_morazani	Anolis	Dactyloidae	NA	Pleurodonta
Anolis_nasofrontalis	Anolis	Dactyloidae	NA	Pleurodonta
Anolis_naufragus	Anolis	Dactyloidae	NA	Pleurodonta
Anolis_neblininus	Anolis	Dactyloidae	NA	Pleurodonta
Anolis_nebuloides	Anolis	Dactyloidae	NA	Pleurodonta
Anolis_nebulosus	Anolis	Dactyloidae	NA	Pleurodonta
Anolis_nicefori	Anolis	Dactyloidae	NA	Pleurodonta
Anolis_nietoi	Anolis	Dactyloidae	NA	Pleurodonta
Anolis_noblei	Anolis	Dactyloidae	NA	Pleurodonta
Anolis_nubilus	Anolis	Dactyloidae	NA	Pleurodonta
Anolis_occultus	Anolis	Dactyloidae	NA	Pleurodonta
Anolis_ocelloscapularis	Anolis	Dactyloidae	NA	Pleurodonta
Anolis_oculatus	Anolis	Dactyloidae	NA	Pleurodonta
Anolis_olssoni	Anolis	Dactyloidae	NA	Pleurodonta
Anolis_omiltemanus	Anolis	Dactyloidae	NA	Pleurodonta
Anolis_onca	Anolis	Dactyloidae	NA	Pleurodonta
Anolis_opalinus	Anolis	Dactyloidae	NA	Pleurodonta
Anolis_ophiolepis	Anolis	Dactyloidae	NA	Pleurodonta
Anolis_oporinus	Anolis	Dactyloidae	NA	Pleurodonta
Anolis_orcesi	Anolis	Dactyloidae	NA	Pleurodonta
Anolis_ortonii	Anolis	Dactyloidae	NA	Pleurodonta
Anolis_osa	Anolis	Dactyloidae	NA	Pleurodonta
Anolis_otongae	Anolis	Dactyloidae	NA	Pleurodonta
Anolis_oxylophus	Anolis	Dactyloidae	NA	Pleurodonta
Anolis_pachypus	Anolis	Dactyloidae	NA	Pleurodonta
Anolis_parilis	Anolis	Dactyloidae	NA	Pleurodonta
Anolis_parvicirculatus	Anolis	Dactyloidae	NA	Pleurodonta
Anolis_paternus	Anolis	Dactyloidae	NA	Pleurodonta
Anolis_pecuarius	Anolis	Dactyloidae	NA	Pleurodonta
Anolis_pentaprion	Anolis	Dactyloidae	NA	Pleurodonta
Anolis_peraccae	Anolis	Dactyloidae	NA	Pleurodonta
Anolis_petersii	Anolis	Dactyloidae	NA	Pleurodonta
Anolis_peucephilus	Anolis	Dactyloidae	NA	Pleurodonta
Anolis_phyllorhinus	Anolis	Dactyloidae	NA	Pleurodonta
Anolis_pijolense	Anolis	Dactyloidae	NA	Pleurodonta
Anolis_placidus	Anolis	Dactyloidae	NA	Pleurodonta
Anolis_planiceps	Anolis	Dactyloidae	NA	Pleurodonta
Anolis_podocarpus	Anolis	Dactyloidae	NA	Pleurodonta
Anolis_poecilopus	Anolis	Dactyloidae	NA	Pleurodonta
Anolis_poei	Anolis	Dactyloidae	NA	Pleurodonta
Anolis_pogus	Anolis	Dactyloidae	NA	Pleurodonta
Anolis_polylepis	Anolis	Dactyloidae	NA	Pleurodonta
Anolis_poncensis	Anolis	Dactyloidae	NA	Pleurodonta
Anolis_porcatus	Anolis	Dactyloidae	NA	Pleurodonta
Anolis_porcus	Anolis	Dactyloidae	NA	Pleurodonta
Anolis_prasinorius	Anolis	Dactyloidae	NA	Pleurodonta
Anolis_princeps	Anolis	Dactyloidae	NA	Pleurodonta
Anolis_proboscis	Anolis	Dactyloidae	NA	Pleurodonta
Anolis_pseudokemptoni	Anolis	Dactyloidae	NA	Pleurodonta
Anolis_pseudopachypus	Anolis	Dactyloidae	NA	Pleurodonta
Anolis_pseudotigrinus	Anolis	Dactyloidae	NA	Pleurodonta
Anolis_pulchellus	Anolis	Dactyloidae	NA	Pleurodonta
Anolis_pumilus	Anolis	Dactyloidae	NA	Pleurodonta
Anolis_punctatus	Anolis	Dactyloidae	NA	Pleurodonta
Anolis_purpurescens	Anolis	Dactyloidae	NA	Pleurodonta
Anolis_purpurgularis	Anolis	Dactyloidae	NA	Pleurodonta
Anolis_pygmaeus	Anolis	Dactyloidae	NA	Pleurodonta
Anolis_quadriocellifer	Anolis	Dactyloidae	NA	Pleurodonta
Anolis_quaggulus	Anolis	Dactyloidae	NA	Pleurodonta
Anolis_quercorum	Anolis	Dactyloidae	NA	Pleurodonta
Anolis_reconditus	Anolis	Dactyloidae	NA	Pleurodonta
Anolis_rejectus	Anolis	Dactyloidae	NA	Pleurodonta
Anolis_richardii	Anolis	Dactyloidae	NA	Pleurodonta
Anolis_ricordii	Anolis	Dactyloidae	NA	Pleurodonta
Anolis_rodriguezii	Anolis	Dactyloidae	NA	Pleurodonta
Anolis_roquet	Anolis	Dactyloidae	NA	Pleurodonta
Anolis_rubiginosus	Anolis	Dactyloidae	NA	Pleurodonta
Anolis_rubribarbaris	Anolis	Dactyloidae	NA	Pleurodonta
Anolis_rubribarbus	Anolis	Dactyloidae	NA	Pleurodonta
Anolis_ruibali	Anolis	Dactyloidae	NA	Pleurodonta
Anolis_sabanus	Anolis	Dactyloidae	NA	Pleurodonta
Anolis_sacamecatensis	Anolis	Dactyloidae	NA	Pleurodonta
Anolis_sagrei	Anolis	Dactyloidae	NA	Pleurodonta
Anolis_schiedii	Anolis	Dactyloidae	NA	Pleurodonta
Anolis_schwartzi	Anolis	Dactyloidae	NA	Pleurodonta
Anolis_scriptus	Anolis	Dactyloidae	NA	Pleurodonta
Anolis_scypheus	Anolis	Dactyloidae	NA	Pleurodonta
Anolis_semilineatus	Anolis	Dactyloidae	NA	Pleurodonta
Anolis_sericeus	Anolis	Dactyloidae	NA	Pleurodonta
Anolis_sheplani	Anolis	Dactyloidae	NA	Pleurodonta
Anolis_shrevei	Anolis	Dactyloidae	NA	Pleurodonta
Anolis_singularis	Anolis	Dactyloidae	NA	Pleurodonta
Anolis_smallwoodi	Anolis	Dactyloidae	NA	Pleurodonta
Anolis_smaragdinus	Anolis	Dactyloidae	NA	Pleurodonta
Anolis_sminthus	Anolis	Dactyloidae	NA	Pleurodonta
Anolis_soinii	Anolis	Dactyloidae	NA	Pleurodonta
Anolis_spectrum	Anolis	Dactyloidae	NA	Pleurodonta
Anolis_stevepoei	Anolis	Dactyloidae	NA	Pleurodonta
Anolis_strahmi	Anolis	Dactyloidae	NA	Pleurodonta
Anolis_stratulus	Anolis	Dactyloidae	NA	Pleurodonta
Anolis_subocularis	Anolis	Dactyloidae	NA	Pleurodonta
Anolis_tandai	Anolis	Dactyloidae	NA	Pleurodonta
Anolis_taylori	Anolis	Dactyloidae	NA	Pleurodonta
Anolis_tenorioensis	Anolis	Dactyloidae	NA	Pleurodonta
Anolis_terraealtae	Anolis	Dactyloidae	NA	Pleurodonta
Anolis_terueli	Anolis	Dactyloidae	NA	Pleurodonta
Anolis_tigrinus	Anolis	Dactyloidae	NA	Pleurodonta
Anolis_tolimensis	Anolis	Dactyloidae	NA	Pleurodonta
Anolis_townsendi	Anolis	Dactyloidae	NA	Pleurodonta
Anolis_trachyderma	Anolis	Dactyloidae	NA	Pleurodonta
Anolis_transversalis	Anolis	Dactyloidae	NA	Pleurodonta
Anolis_trinitatis	Anolis	Dactyloidae	NA	Pleurodonta
Anolis_tropidogaster	Anolis	Dactyloidae	NA	Pleurodonta
Anolis_tropidolepis	Anolis	Dactyloidae	NA	Pleurodonta
Anolis_tropidonotus	Anolis	Dactyloidae	NA	Pleurodonta
Anolis_uniformis	Anolis	Dactyloidae	NA	Pleurodonta
Anolis_unilobatus	Anolis	Dactyloidae	NA	Pleurodonta
Anolis_urraoi	Anolis	Dactyloidae	NA	Pleurodonta
Anolis_utilensis	Anolis	Dactyloidae	NA	Pleurodonta
Anolis_valencienni	Anolis	Dactyloidae	NA	Pleurodonta
Anolis_vanidicus	Anolis	Dactyloidae	NA	Pleurodonta
Anolis_vanzolinii	Anolis	Dactyloidae	NA	Pleurodonta
Anolis_ventrimaculatus	Anolis	Dactyloidae	NA	Pleurodonta
Anolis_vermiculatus	Anolis	Dactyloidae	NA	Pleurodonta
Anolis_viridius	Anolis	Dactyloidae	NA	Pleurodonta
Anolis_vittigerus	Anolis	Dactyloidae	NA	Pleurodonta
Anolis_wattsii	Anolis	Dactyloidae	NA	Pleurodonta
Anolis_websteri	Anolis	Dactyloidae	NA	Pleurodonta
Anolis_wermuthi	Anolis	Dactyloidae	NA	Pleurodonta
Anolis_whitemani	Anolis	Dactyloidae	NA	Pleurodonta
Anolis_williamsmittermeierorum	Anolis	Dactyloidae	NA	Pleurodonta
Anolis_wilsoni	Anolis	Dactyloidae	NA	Pleurodonta
Anolis_woodi	Anolis	Dactyloidae	NA	Pleurodonta
Anolis_yoroensis	Anolis	Dactyloidae	NA	Pleurodonta
Anolis_zapotecorum	Anolis	Dactyloidae	NA	Pleurodonta
Anolis_zeus	Anolis	Dactyloidae	NA	Pleurodonta
Aphaniotis_fusca	Aphaniotis	Agamidae	Draconinae	Acrodonta
Archaius_tigris	Archaius	Chamaeleonidae	NA	Acrodonta
Basiliscus_basiliscus	Basiliscus	Corytophanidae	NA	Pleurodonta
Basiliscus_galeritus	Basiliscus	Corytophanidae	NA	Pleurodonta
Basiliscus_plumifrons	Basiliscus	Corytophanidae	NA	Pleurodonta
Basiliscus_vittatus	Basiliscus	Corytophanidae	NA	Pleurodonta
Brachylophus_bulabula	Brachylophus	Iguanidae	NA	Pleurodonta
Brachylophus_fasciatus	Brachylophus	Iguanidae	NA	Pleurodonta
Brachylophus_vitiensis	Brachylophus	Iguanidae	NA	Pleurodonta
Bradypodion_atromontanum	Bradypodion	Chamaeleonidae	NA	Acrodonta
Bradypodion_caeruleogula	Bradypodion	Chamaeleonidae	NA	Acrodonta
Bradypodion_caffer	Bradypodion	Chamaeleonidae	NA	Acrodonta
Bradypodion_damaranum	Bradypodion	Chamaeleonidae	NA	Acrodonta
Bradypodion_dracomontanum	Bradypodion	Chamaeleonidae	NA	Acrodonta
Bradypodion_gutturale	Bradypodion	Chamaeleonidae	NA	Acrodonta
Bradypodion_kentanicum	Bradypodion	Chamaeleonidae	NA	Acrodonta
Bradypodion_melanocephalum	Bradypodion	Chamaeleonidae	NA	Acrodonta
Bradypodion_nemorale	Bradypodion	Chamaeleonidae	NA	Acrodonta
Bradypodion_ngomeense	Bradypodion	Chamaeleonidae	NA	Acrodonta
Bradypodion_occidentale	Bradypodion	Chamaeleonidae	NA	Acrodonta
Bradypodion_pumilum	Bradypodion	Chamaeleonidae	NA	Acrodonta
Bradypodion_setaroi	Bradypodion	Chamaeleonidae	NA	Acrodonta
Bradypodion_taeniabronchum	Bradypodion	Chamaeleonidae	NA	Acrodonta
Bradypodion_thamnobates	Bradypodion	Chamaeleonidae	NA	Acrodonta
Bradypodion_transvaalense	Bradypodion	Chamaeleonidae	NA	Acrodonta
Bradypodion_ventrale	Bradypodion	Chamaeleonidae	NA	Acrodonta
Bronchocela_burmana	Bronchocela	Agamidae	Draconinae	Acrodonta
Bronchocela_cristatella	Bronchocela	Agamidae	Draconinae	Acrodonta
Bronchocela_jubata	Bronchocela	Agamidae	Draconinae	Acrodonta
Bronchocela_rayaensis	Bronchocela	Agamidae	Draconinae	Acrodonta
Bronchocela_shenlong	Bronchocela	Agamidae	Draconinae	Acrodonta
Brookesia_ambreensis	Brookesia	Chamaeleonidae	NA	Acrodonta
Brookesia_antakarana	Brookesia	Chamaeleonidae	NA	Acrodonta
Brookesia_betschi	Brookesia	Chamaeleonidae	NA	Acrodonta
Brookesia_bonsi	Brookesia	Chamaeleonidae	NA	Acrodonta
Brookesia_brunoi	Brookesia	Chamaeleonidae	NA	Acrodonta
Brookesia_brygooi	Brookesia	Chamaeleonidae	NA	Acrodonta
Brookesia_confidens	Brookesia	Chamaeleonidae	NA	Acrodonta
Brookesia_decaryi	Brookesia	Chamaeleonidae	NA	Acrodonta
Brookesia_dentata	Brookesia	Chamaeleonidae	NA	Acrodonta
Brookesia_desperata	Brookesia	Chamaeleonidae	NA	Acrodonta
Brookesia_ebenaui	Brookesia	Chamaeleonidae	NA	Acrodonta
Brookesia_exarmata	Brookesia	Chamaeleonidae	NA	Acrodonta
Brookesia_griveaudi	Brookesia	Chamaeleonidae	NA	Acrodonta
Brookesia_karchei	Brookesia	Chamaeleonidae	NA	Acrodonta
Brookesia_lineata	Brookesia	Chamaeleonidae	NA	Acrodonta
Brookesia_micra	Brookesia	Chamaeleonidae	NA	Acrodonta
Brookesia_minima	Brookesia	Chamaeleonidae	NA	Acrodonta
Brookesia_perarmata	Brookesia	Chamaeleonidae	NA	Acrodonta
Brookesia_peyrierasi	Brookesia	Chamaeleonidae	NA	Acrodonta
Brookesia_ramanantsoai	Brookesia	Chamaeleonidae	NA	Acrodonta
Brookesia_stumpffi	Brookesia	Chamaeleonidae	NA	Acrodonta
Brookesia_superciliaris	Brookesia	Chamaeleonidae	NA	Acrodonta
Brookesia_therezieni	Brookesia	Chamaeleonidae	NA	Acrodonta
Brookesia_thieli	Brookesia	Chamaeleonidae	NA	Acrodonta
Brookesia_tristis	Brookesia	Chamaeleonidae	NA	Acrodonta
Brookesia_tuberculata	Brookesia	Chamaeleonidae	NA	Acrodonta
Brookesia_vadoni	Brookesia	Chamaeleonidae	NA	Acrodonta
Brookesia_valerieae	Brookesia	Chamaeleonidae	NA	Acrodonta
Bufoniceps_laungwalaensis	Bufoniceps	Agamidae	Agaminae	Acrodonta
Cachryx_alfredschmidti	Cachryx	Iguanidae	NA	Pleurodonta
Cachryx_defensor	Cachryx	Iguanidae	NA	Pleurodonta
Callisaurus_draconoides	Callisaurus	Phrynosomatidae	Phrynosomatinae	Pleurodonta
Calotes_calotes	Calotes	Agamidae	Draconinae	Acrodonta
Calotes_ceylonensis	Calotes	Agamidae	Draconinae	Acrodonta
Calotes_chincollium	Calotes	Agamidae	Draconinae	Acrodonta
Calotes_emma	Calotes	Agamidae	Draconinae	Acrodonta
Calotes_grandisquamis	Calotes	Agamidae	Draconinae	Acrodonta
Calotes_htunwini	Calotes	Agamidae	Draconinae	Acrodonta
Calotes_irawadi	Calotes	Agamidae	Draconinae	Acrodonta
Calotes_jerdoni	Calotes	Agamidae	Draconinae	Acrodonta
Calotes_liocephalus	Calotes	Agamidae	Draconinae	Acrodonta
Calotes_liolepis	Calotes	Agamidae	Draconinae	Acrodonta
Calotes_minor	Calotes	Agamidae	Draconinae	Acrodonta
Calotes_mystaceus	Calotes	Agamidae	Draconinae	Acrodonta
Calotes_nemoricola	Calotes	Agamidae	Draconinae	Acrodonta
Calotes_nigrilabris	Calotes	Agamidae	Draconinae	Acrodonta
Calotes_versicolor	Calotes	Agamidae	Draconinae	Acrodonta
Calumma_amber	Calumma	Chamaeleonidae	NA	Acrodonta
Calumma_ambreense	Calumma	Chamaeleonidae	NA	Acrodonta
Calumma_andringitraense	Calumma	Chamaeleonidae	NA	Acrodonta
Calumma_boettgeri	Calumma	Chamaeleonidae	NA	Acrodonta
Calumma_brevicorne	Calumma	Chamaeleonidae	NA	Acrodonta
Calumma_capuroni	Calumma	Chamaeleonidae	NA	Acrodonta
Calumma_crypticum	Calumma	Chamaeleonidae	NA	Acrodonta
Calumma_cucullatum	Calumma	Chamaeleonidae	NA	Acrodonta
Calumma_fallax	Calumma	Chamaeleonidae	NA	Acrodonta
Calumma_furcifer	Calumma	Chamaeleonidae	NA	Acrodonta
Calumma_gallus	Calumma	Chamaeleonidae	NA	Acrodonta
Calumma_gastrotaenia	Calumma	Chamaeleonidae	NA	Acrodonta
Calumma_gehringi	Calumma	Chamaeleonidae	NA	Acrodonta
Calumma_glawi	Calumma	Chamaeleonidae	NA	Acrodonta
Calumma_globifer	Calumma	Chamaeleonidae	NA	Acrodonta
Calumma_guibei	Calumma	Chamaeleonidae	NA	Acrodonta
Calumma_guillaumeti	Calumma	Chamaeleonidae	NA	Acrodonta
Calumma_hafahafa	Calumma	Chamaeleonidae	NA	Acrodonta
Calumma_hilleniusi	Calumma	Chamaeleonidae	NA	Acrodonta
Calumma_linotum	Calumma	Chamaeleonidae	NA	Acrodonta
Calumma_malthe	Calumma	Chamaeleonidae	NA	Acrodonta
Calumma_marojezense	Calumma	Chamaeleonidae	NA	Acrodonta
Calumma_nasutum	Calumma	Chamaeleonidae	NA	Acrodonta
Calumma_oshaughnessyi	Calumma	Chamaeleonidae	NA	Acrodonta
Calumma_parsonii	Calumma	Chamaeleonidae	NA	Acrodonta
Calumma_peltierorum	Calumma	Chamaeleonidae	NA	Acrodonta
Calumma_peyrierasi	Calumma	Chamaeleonidae	NA	Acrodonta
Calumma_tarzan	Calumma	Chamaeleonidae	NA	Acrodonta
Calumma_tsaratananense	Calumma	Chamaeleonidae	NA	Acrodonta
Calumma_vencesi	Calumma	Chamaeleonidae	NA	Acrodonta
Calumma_vohibola	Calumma	Chamaeleonidae	NA	Acrodonta
Ceratophora_aspera	Ceratophora	Agamidae	Draconinae	Acrodonta
Ceratophora_erdeleni	Ceratophora	Agamidae	Draconinae	Acrodonta
Ceratophora_karu	Ceratophora	Agamidae	Draconinae	Acrodonta
Ceratophora_stoddartii	Ceratophora	Agamidae	Draconinae	Acrodonta
Ceratophora_tennentii	Ceratophora	Agamidae	Draconinae	Acrodonta
Chalarodon_madagascariensis	Chalarodon	Opluridae	NA	Pleurodonta
Chamaeleo_africanus	Chamaeleo	Chamaeleonidae	NA	Acrodonta
Chamaeleo_anchietae	Chamaeleo	Chamaeleonidae	NA	Acrodonta
Chamaeleo_arabicus	Chamaeleo	Chamaeleonidae	NA	Acrodonta
Chamaeleo_calcaricarens	Chamaeleo	Chamaeleonidae	NA	Acrodonta
Chamaeleo_calyptratus	Chamaeleo	Chamaeleonidae	NA	Acrodonta
Chamaeleo_chamaeleon	Chamaeleo	Chamaeleonidae	NA	Acrodonta
Chamaeleo_dilepis	Chamaeleo	Chamaeleonidae	NA	Acrodonta
Chamaeleo_gracilis	Chamaeleo	Chamaeleonidae	NA	Acrodonta
Chamaeleo_laevigatus	Chamaeleo	Chamaeleonidae	NA	Acrodonta
Chamaeleo_monachus	Chamaeleo	Chamaeleonidae	NA	Acrodonta
Chamaeleo_namaquensis	Chamaeleo	Chamaeleonidae	NA	Acrodonta
Chamaeleo_necasi	Chamaeleo	Chamaeleonidae	NA	Acrodonta
Chamaeleo_senegalensis	Chamaeleo	Chamaeleonidae	NA	Acrodonta
Chamaeleo_zeylanicus	Chamaeleo	Chamaeleonidae	NA	Acrodonta
Chelosania_brunnea	Chelosania	Agamidae	Amphibolurinae	Acrodonta
Chlamydosaurus_kingii	Chlamydosaurus	Agamidae	Amphibolurinae	Acrodonta
Conolophus_marthae	Conolophus	Iguanidae	NA	Pleurodonta
Conolophus_pallidus	Conolophus	Iguanidae	NA	Pleurodonta
Conolophus_subcristatus	Conolophus	Iguanidae	NA	Pleurodonta
Cophosaurus_texanus	Cophosaurus	Phrynosomatidae	Phrynosomatinae	Pleurodonta
Cophotis_ceylanica	Cophotis	Agamidae	Draconinae	Acrodonta
Cophotis_dumbara	Cophotis	Agamidae	Draconinae	Acrodonta
Coryphophylax_subcristatus	Coryphophylax	Agamidae	Draconinae	Acrodonta
Corytophanes_cristatus	Corytophanes	Corytophanidae	NA	Pleurodonta
Corytophanes_hernandesii	Corytophanes	Corytophanidae	NA	Pleurodonta
Corytophanes_percarinatus	Corytophanes	Corytophanidae	NA	Pleurodonta
Crotaphytus_antiquus	Crotaphytus	Crotaphytidae	NA	Pleurodonta
Crotaphytus_bicinctores	Crotaphytus	Crotaphytidae	NA	Pleurodonta
Crotaphytus_collaris	Crotaphytus	Crotaphytidae	NA	Pleurodonta
Crotaphytus_dickersonae	Crotaphytus	Crotaphytidae	NA	Pleurodonta
Crotaphytus_grismeri	Crotaphytus	Crotaphytidae	NA	Pleurodonta
Crotaphytus_insularis	Crotaphytus	Crotaphytidae	NA	Pleurodonta
Crotaphytus_nebrius	Crotaphytus	Crotaphytidae	NA	Pleurodonta
Crotaphytus_reticulatus	Crotaphytus	Crotaphytidae	NA	Pleurodonta
Crotaphytus_vestigium	Crotaphytus	Crotaphytidae	NA	Pleurodonta
Ctenoblepharys_adspersa	Ctenoblepharys	Liolaemidae	NA	Pleurodonta
Ctenophorus_adelaidensis	Ctenophorus	Agamidae	Amphibolurinae	Acrodonta
Ctenophorus_caudicinctus	Ctenophorus	Agamidae	Amphibolurinae	Acrodonta
Ctenophorus_clayi	Ctenophorus	Agamidae	Amphibolurinae	Acrodonta
Ctenophorus_cristatus	Ctenophorus	Agamidae	Amphibolurinae	Acrodonta
Ctenophorus_decresii	Ctenophorus	Agamidae	Amphibolurinae	Acrodonta
Ctenophorus_femoralis	Ctenophorus	Agamidae	Amphibolurinae	Acrodonta
Ctenophorus_fionni	Ctenophorus	Agamidae	Amphibolurinae	Acrodonta
Ctenophorus_fordi	Ctenophorus	Agamidae	Amphibolurinae	Acrodonta
Ctenophorus_gibba	Ctenophorus	Agamidae	Amphibolurinae	Acrodonta
Ctenophorus_isolepis	Ctenophorus	Agamidae	Amphibolurinae	Acrodonta
Ctenophorus_maculatus	Ctenophorus	Agamidae	Amphibolurinae	Acrodonta
Ctenophorus_maculosus	Ctenophorus	Agamidae	Amphibolurinae	Acrodonta
Ctenophorus_mckenziei	Ctenophorus	Agamidae	Amphibolurinae	Acrodonta
Ctenophorus_nuchalis	Ctenophorus	Agamidae	Amphibolurinae	Acrodonta
Ctenophorus_ornatus	Ctenophorus	Agamidae	Amphibolurinae	Acrodonta
Ctenophorus_parviceps	Ctenophorus	Agamidae	Amphibolurinae	Acrodonta
Ctenophorus_pictus	Ctenophorus	Agamidae	Amphibolurinae	Acrodonta
Ctenophorus_reticulatus	Ctenophorus	Agamidae	Amphibolurinae	Acrodonta
Ctenophorus_rubens	Ctenophorus	Agamidae	Amphibolurinae	Acrodonta
Ctenophorus_rufescens	Ctenophorus	Agamidae	Amphibolurinae	Acrodonta
Ctenophorus_salinarum	Ctenophorus	Agamidae	Amphibolurinae	Acrodonta
Ctenophorus_scutulatus	Ctenophorus	Agamidae	Amphibolurinae	Acrodonta
Ctenophorus_tjantjalka	Ctenophorus	Agamidae	Amphibolurinae	Acrodonta
Ctenophorus_vadnappa	Ctenophorus	Agamidae	Amphibolurinae	Acrodonta
Ctenosaura_acanthura	Ctenosaura	Iguanidae	NA	Pleurodonta
Ctenosaura_bakeri	Ctenosaura	Iguanidae	NA	Pleurodonta
Ctenosaura_clarki	Ctenosaura	Iguanidae	NA	Pleurodonta
Ctenosaura_flavidorsalis	Ctenosaura	Iguanidae	NA	Pleurodonta
Ctenosaura_hemilopha	Ctenosaura	Iguanidae	NA	Pleurodonta
Ctenosaura_melanosterna	Ctenosaura	Iguanidae	NA	Pleurodonta
Ctenosaura_oaxacana	Ctenosaura	Iguanidae	NA	Pleurodonta
Ctenosaura_oedirhina	Ctenosaura	Iguanidae	NA	Pleurodonta
Ctenosaura_palearis	Ctenosaura	Iguanidae	NA	Pleurodonta
Ctenosaura_pectinata	Ctenosaura	Iguanidae	NA	Pleurodonta
Ctenosaura_praeocularis	Ctenosaura	Iguanidae	NA	Pleurodonta
Ctenosaura_quinquecarinata	Ctenosaura	Iguanidae	NA	Pleurodonta
Ctenosaura_similis	Ctenosaura	Iguanidae	NA	Pleurodonta
Cyclura_carinata	Cyclura	Iguanidae	NA	Pleurodonta
Cyclura_collei	Cyclura	Iguanidae	NA	Pleurodonta
Cyclura_cornuta	Cyclura	Iguanidae	NA	Pleurodonta
Cyclura_cychlura	Cyclura	Iguanidae	NA	Pleurodonta
Cyclura_nubila	Cyclura	Iguanidae	NA	Pleurodonta
Cyclura_pinguis	Cyclura	Iguanidae	NA	Pleurodonta
Cyclura_ricordi	Cyclura	Iguanidae	NA	Pleurodonta
Cyclura_rileyi	Cyclura	Iguanidae	NA	Pleurodonta
Diplolaemus_bibronii	Diplolaemus	Leiosauridae	Leiosaurinae	Pleurodonta
Diplolaemus_darwinii	Diplolaemus	Leiosauridae	Leiosaurinae	Pleurodonta
Diplolaemus_leopardinus	Diplolaemus	Leiosauridae	Leiosaurinae	Pleurodonta
Diplolaemus_sexcinctus	Diplolaemus	Leiosauridae	Leiosaurinae	Pleurodonta
Diporiphora_albilabris	Diporiphora	Agamidae	Amphibolurinae	Acrodonta
Diporiphora_amphiboluroides	Diporiphora	Agamidae	Amphibolurinae	Acrodonta
Diporiphora_arnhemica	Diporiphora	Agamidae	Amphibolurinae	Acrodonta
Diporiphora_australis	Diporiphora	Agamidae	Amphibolurinae	Acrodonta
Diporiphora_bennettii	Diporiphora	Agamidae	Amphibolurinae	Acrodonta
Diporiphora_bilineata	Diporiphora	Agamidae	Amphibolurinae	Acrodonta
Diporiphora_lalliae	Diporiphora	Agamidae	Amphibolurinae	Acrodonta
Diporiphora_linga	Diporiphora	Agamidae	Amphibolurinae	Acrodonta
Diporiphora_magna	Diporiphora	Agamidae	Amphibolurinae	Acrodonta
Diporiphora_nobbi	Diporiphora	Agamidae	Amphibolurinae	Acrodonta
Diporiphora_phaeospinosa	Diporiphora	Agamidae	Amphibolurinae	Acrodonta
Diporiphora_pindan	Diporiphora	Agamidae	Amphibolurinae	Acrodonta
Diporiphora_reginae	Diporiphora	Agamidae	Amphibolurinae	Acrodonta
Diporiphora_superba	Diporiphora	Agamidae	Amphibolurinae	Acrodonta
Diporiphora_valens	Diporiphora	Agamidae	Amphibolurinae	Acrodonta
Diporiphora_winneckei	Diporiphora	Agamidae	Amphibolurinae	Acrodonta
Dipsosaurus_dorsalis	Dipsosaurus	Iguanidae	NA	Pleurodonta
Draco_beccarii	Draco	Agamidae	Draconinae	Acrodonta
Draco_biaro	Draco	Agamidae	Draconinae	Acrodonta
Draco_bimaculatus	Draco	Agamidae	Draconinae	Acrodonta
Draco_blanfordii	Draco	Agamidae	Draconinae	Acrodonta
Draco_boschmai	Draco	Agamidae	Draconinae	Acrodonta
Draco_bourouniensis	Draco	Agamidae	Draconinae	Acrodonta
Draco_caerulhians	Draco	Agamidae	Draconinae	Acrodonta
Draco_cornutus	Draco	Agamidae	Draconinae	Acrodonta
Draco_cristatellus	Draco	Agamidae	Draconinae	Acrodonta
Draco_cyanopterus	Draco	Agamidae	Draconinae	Acrodonta
Draco_dussumieri	Draco	Agamidae	Draconinae	Acrodonta
Draco_fimbriatus	Draco	Agamidae	Draconinae	Acrodonta
Draco_formosus	Draco	Agamidae	Draconinae	Acrodonta
Draco_guentheri	Draco	Agamidae	Draconinae	Acrodonta
Draco_haematopogon	Draco	Agamidae	Draconinae	Acrodonta
Draco_indochinensis	Draco	Agamidae	Draconinae	Acrodonta
Draco_lineatus	Draco	Agamidae	Draconinae	Acrodonta
Draco_maculatus	Draco	Agamidae	Draconinae	Acrodonta
Draco_maximus	Draco	Agamidae	Draconinae	Acrodonta
Draco_melanopogon	Draco	Agamidae	Draconinae	Acrodonta
Draco_mindanensis	Draco	Agamidae	Draconinae	Acrodonta
Draco_obscurus	Draco	Agamidae	Draconinae	Acrodonta
Draco_ornatus	Draco	Agamidae	Draconinae	Acrodonta
Draco_palawanensis	Draco	Agamidae	Draconinae	Acrodonta
Draco_quadrasi	Draco	Agamidae	Draconinae	Acrodonta
Draco_quinquefasciatus	Draco	Agamidae	Draconinae	Acrodonta
Draco_reticulatus	Draco	Agamidae	Draconinae	Acrodonta
Draco_rhytisma	Draco	Agamidae	Draconinae	Acrodonta
Draco_spilonotus	Draco	Agamidae	Draconinae	Acrodonta
Draco_spilopterus	Draco	Agamidae	Draconinae	Acrodonta
Draco_sumatranus	Draco	Agamidae	Draconinae	Acrodonta
Draco_taeniopterus	Draco	Agamidae	Draconinae	Acrodonta
Draco_timoriensis	Draco	Agamidae	Draconinae	Acrodonta
Draco_volans	Draco	Agamidae	Draconinae	Acrodonta
Enyalioides_altotambo	Enyalioides	Hoplocercidae	NA	Pleurodonta
Enyalioides_anisolepis	Enyalioides	Hoplocercidae	NA	Pleurodonta
Enyalioides_azulae	Enyalioides	Hoplocercidae	NA	Pleurodonta
Enyalioides_binzayedi	Enyalioides	Hoplocercidae	NA	Pleurodonta
Enyalioides_cofanorum	Enyalioides	Hoplocercidae	NA	Pleurodonta
Enyalioides_heterolepis	Enyalioides	Hoplocercidae	NA	Pleurodonta
Enyalioides_laticeps	Enyalioides	Hoplocercidae	NA	Pleurodonta
Enyalioides_microlepis	Enyalioides	Hoplocercidae	NA	Pleurodonta
Enyalioides_oshaughnessyi	Enyalioides	Hoplocercidae	NA	Pleurodonta
Enyalioides_palpebralis	Enyalioides	Hoplocercidae	NA	Pleurodonta
Enyalioides_praestabilis	Enyalioides	Hoplocercidae	NA	Pleurodonta
Enyalioides_rubrigularis	Enyalioides	Hoplocercidae	NA	Pleurodonta
Enyalioides_rudolfarndti	Enyalioides	Hoplocercidae	NA	Pleurodonta
Enyalioides_sophiarothschildae	Enyalioides	Hoplocercidae	NA	Pleurodonta
Enyalius_bibronii	Enyalius	Leiosauridae	Enyaliinae	Pleurodonta
Enyalius_bilineatus	Enyalius	Leiosauridae	Enyaliinae	Pleurodonta
Enyalius_brasiliensis	Enyalius	Leiosauridae	Enyaliinae	Pleurodonta
Enyalius_catenatus	Enyalius	Leiosauridae	Enyaliinae	Pleurodonta
Enyalius_erythroceneus	Enyalius	Leiosauridae	Enyaliinae	Pleurodonta
Enyalius_iheringii	Enyalius	Leiosauridae	Enyaliinae	Pleurodonta
Enyalius_leechii	Enyalius	Leiosauridae	Enyaliinae	Pleurodonta
Enyalius_perditus	Enyalius	Leiosauridae	Enyaliinae	Pleurodonta
Enyalius_pictus	Enyalius	Leiosauridae	Enyaliinae	Pleurodonta
Eurolophosaurus_amathites	Eurolophosaurus	Tropiduridae	NA	Pleurodonta
Eurolophosaurus_divaricatus	Eurolophosaurus	Tropiduridae	NA	Pleurodonta
Eurolophosaurus_nanuzae	Eurolophosaurus	Tropiduridae	NA	Pleurodonta
Furcifer_angeli	Furcifer	Chamaeleonidae	NA	Acrodonta
Furcifer_antimena	Furcifer	Chamaeleonidae	NA	Acrodonta
Furcifer_balteatus	Furcifer	Chamaeleonidae	NA	Acrodonta
Furcifer_belalandaensis	Furcifer	Chamaeleonidae	NA	Acrodonta
Furcifer_bifidus	Furcifer	Chamaeleonidae	NA	Acrodonta
Furcifer_campani	Furcifer	Chamaeleonidae	NA	Acrodonta
Furcifer_cephalolepis	Furcifer	Chamaeleonidae	NA	Acrodonta
Furcifer_labordi	Furcifer	Chamaeleonidae	NA	Acrodonta
Furcifer_lateralis	Furcifer	Chamaeleonidae	NA	Acrodonta
Furcifer_major	Furcifer	Chamaeleonidae	NA	Acrodonta
Furcifer_minor	Furcifer	Chamaeleonidae	NA	Acrodonta
Furcifer_nicosiai	Furcifer	Chamaeleonidae	NA	Acrodonta
Furcifer_oustaleti	Furcifer	Chamaeleonidae	NA	Acrodonta
Furcifer_pardalis	Furcifer	Chamaeleonidae	NA	Acrodonta
Furcifer_petteri	Furcifer	Chamaeleonidae	NA	Acrodonta
Furcifer_polleni	Furcifer	Chamaeleonidae	NA	Acrodonta
Furcifer_rhinoceratus	Furcifer	Chamaeleonidae	NA	Acrodonta
Furcifer_timoni	Furcifer	Chamaeleonidae	NA	Acrodonta
Furcifer_verrucosus	Furcifer	Chamaeleonidae	NA	Acrodonta
Furcifer_viridis	Furcifer	Chamaeleonidae	NA	Acrodonta
Furcifer_willsii	Furcifer	Chamaeleonidae	NA	Acrodonta
Gambelia_copeii	Gambelia	Crotaphytidae	NA	Pleurodonta
Gambelia_sila	Gambelia	Crotaphytidae	NA	Pleurodonta
Gambelia_wislizenii	Gambelia	Crotaphytidae	NA	Pleurodonta
Gonocephalus_abbotti	Gonocephalus	Agamidae	Draconinae	Acrodonta
Gonocephalus_bellii	Gonocephalus	Agamidae	Draconinae	Acrodonta
Gonocephalus_bornensis	Gonocephalus	Agamidae	Draconinae	Acrodonta
Gonocephalus_chamaeleontinus	Gonocephalus	Agamidae	Draconinae	Acrodonta
Gonocephalus_grandis	Gonocephalus	Agamidae	Draconinae	Acrodonta
Gonocephalus_interruptus	Gonocephalus	Agamidae	Draconinae	Acrodonta
Gonocephalus_kuhlii	Gonocephalus	Agamidae	Draconinae	Acrodonta
Gonocephalus_semperi	Gonocephalus	Agamidae	Draconinae	Acrodonta
Gonocephalus_sophiae	Gonocephalus	Agamidae	Draconinae	Acrodonta
Gowidon_longirostris	Gowidon	Agamidae	Amphibolurinae	Acrodonta
Gowidon_temporalis	Gowidon	Agamidae	Amphibolurinae	Acrodonta
Holbrookia_approximans	Holbrookia	Phrynosomatidae	Phrynosomatinae	Pleurodonta
Holbrookia_elegans	Holbrookia	Phrynosomatidae	Phrynosomatinae	Pleurodonta
Holbrookia_lacerata	Holbrookia	Phrynosomatidae	Phrynosomatinae	Pleurodonta
Holbrookia_maculata	Holbrookia	Phrynosomatidae	Phrynosomatinae	Pleurodonta
Holbrookia_propinqua	Holbrookia	Phrynosomatidae	Phrynosomatinae	Pleurodonta
Hoplocercus_spinosus	Hoplocercus	Hoplocercidae	NA	Pleurodonta
Hydrosaurus_amboinensis	Hydrosaurus	Agamidae	Hydrosaurinae	Acrodonta
Hydrosaurus_pustulatus	Hydrosaurus	Agamidae	Hydrosaurinae	Acrodonta
Hydrosaurus_weberi	Hydrosaurus	Agamidae	Hydrosaurinae	Acrodonta
Hypsilurus_bruijnii	Hypsilurus	Agamidae	Amphibolurinae	Acrodonta
Hypsilurus_godeffroyi	Hypsilurus	Agamidae	Amphibolurinae	Acrodonta
Hypsilurus_modestus	Hypsilurus	Agamidae	Amphibolurinae	Acrodonta
Hypsilurus_nigrigularis	Hypsilurus	Agamidae	Amphibolurinae	Acrodonta
Hypsilurus_papuensis	Hypsilurus	Agamidae	Amphibolurinae	Acrodonta
Iguana_delicatissima	Iguana	Iguanidae	NA	Pleurodonta
Iguana_iguana	Iguana	Iguanidae	NA	Pleurodonta
Intellagama_lesueurii	Intellagama	Agamidae	Amphibolurinae	Acrodonta
Japalura_brevipes	Japalura	Agamidae	Draconinae	Acrodonta
Japalura_chapaensis	Japalura	Agamidae	Draconinae	Acrodonta
Japalura_flaviceps	Japalura	Agamidae	Draconinae	Acrodonta
Japalura_luei	Japalura	Agamidae	Draconinae	Acrodonta
Japalura_makii	Japalura	Agamidae	Draconinae	Acrodonta
Japalura_polygonata	Japalura	Agamidae	Draconinae	Acrodonta
Japalura_splendida	Japalura	Agamidae	Draconinae	Acrodonta
Japalura_swinhonis	Japalura	Agamidae	Draconinae	Acrodonta
Japalura_tricarinata	Japalura	Agamidae	Draconinae	Acrodonta
Japalura_variegata	Japalura	Agamidae	Draconinae	Acrodonta
Japalura_yunnanensis	Japalura	Agamidae	Draconinae	Acrodonta
Kinyongia_adolfifriderici	Kinyongia	Chamaeleonidae	NA	Acrodonta
Kinyongia_asheorum	Kinyongia	Chamaeleonidae	NA	Acrodonta
Kinyongia_boehmei	Kinyongia	Chamaeleonidae	NA	Acrodonta
Kinyongia_carpenteri	Kinyongia	Chamaeleonidae	NA	Acrodonta
Kinyongia_excubitor	Kinyongia	Chamaeleonidae	NA	Acrodonta
Kinyongia_fischeri	Kinyongia	Chamaeleonidae	NA	Acrodonta
Kinyongia_gyrolepis	Kinyongia	Chamaeleonidae	NA	Acrodonta
Kinyongia_itombwensis	Kinyongia	Chamaeleonidae	NA	Acrodonta
Kinyongia_magomberae	Kinyongia	Chamaeleonidae	NA	Acrodonta
Kinyongia_matschiei	Kinyongia	Chamaeleonidae	NA	Acrodonta
Kinyongia_multituberculata	Kinyongia	Chamaeleonidae	NA	Acrodonta
Kinyongia_oxyrhina	Kinyongia	Chamaeleonidae	NA	Acrodonta
Kinyongia_rugegensis	Kinyongia	Chamaeleonidae	NA	Acrodonta
Kinyongia_tavetana	Kinyongia	Chamaeleonidae	NA	Acrodonta
Kinyongia_tenuis	Kinyongia	Chamaeleonidae	NA	Acrodonta
Kinyongia_tolleyae	Kinyongia	Chamaeleonidae	NA	Acrodonta
Kinyongia_uluguruensis	Kinyongia	Chamaeleonidae	NA	Acrodonta
Kinyongia_uthmoelleri	Kinyongia	Chamaeleonidae	NA	Acrodonta
Kinyongia_vanheygeni	Kinyongia	Chamaeleonidae	NA	Acrodonta
Kinyongia_vosseleri	Kinyongia	Chamaeleonidae	NA	Acrodonta
Kinyongia_xenorhina	Kinyongia	Chamaeleonidae	NA	Acrodonta
Laemanctus_longipes	Laemanctus	Corytophanidae	NA	Pleurodonta
Laudakia_melanura	Laudakia	Agamidae	Agaminae	Acrodonta
Laudakia_nupta	Laudakia	Agamidae	Agaminae	Acrodonta
Laudakia_papenfussi	Laudakia	Agamidae	Agaminae	Acrodonta
Laudakia_sacra	Laudakia	Agamidae	Agaminae	Acrodonta
Laudakia_tuberculata	Laudakia	Agamidae	Agaminae	Acrodonta
Laudakia_wui	Laudakia	Agamidae	Agaminae	Acrodonta
Leiocephalus_barahonensis	Leiocephalus	Leiocephalidae	NA	Pleurodonta
Leiocephalus_carinatus	Leiocephalus	Leiocephalidae	NA	Pleurodonta
Leiocephalus_cubensis	Leiocephalus	Leiocephalidae	NA	Pleurodonta
Leiocephalus_inaguae	Leiocephalus	Leiocephalidae	NA	Pleurodonta
Leiocephalus_lunatus	Leiocephalus	Leiocephalidae	NA	Pleurodonta
Leiocephalus_macropus	Leiocephalus	Leiocephalidae	NA	Pleurodonta
Leiocephalus_melanochlorus	Leiocephalus	Leiocephalidae	NA	Pleurodonta
Leiocephalus_onaneyi	Leiocephalus	Leiocephalidae	NA	Pleurodonta
Leiocephalus_personatus	Leiocephalus	Leiocephalidae	NA	Pleurodonta
Leiocephalus_psammodromus	Leiocephalus	Leiocephalidae	NA	Pleurodonta
Leiocephalus_raviceps	Leiocephalus	Leiocephalidae	NA	Pleurodonta
Leiocephalus_schreibersii	Leiocephalus	Leiocephalidae	NA	Pleurodonta
Leiocephalus_semilineatus	Leiocephalus	Leiocephalidae	NA	Pleurodonta
Leiocephalus_sixtoi	Leiocephalus	Leiocephalidae	NA	Pleurodonta
Leiocephalus_stictigaster	Leiocephalus	Leiocephalidae	NA	Pleurodonta
Leiolepis_belliana	Leiolepis	Agamidae	Leiolepidinae	Acrodonta
Leiolepis_boehmei	Leiolepis	Agamidae	Leiolepidinae	Acrodonta
Leiolepis_guentherpetersi	Leiolepis	Agamidae	Leiolepidinae	Acrodonta
Leiolepis_guttata	Leiolepis	Agamidae	Leiolepidinae	Acrodonta
Leiolepis_reevesii	Leiolepis	Agamidae	Leiolepidinae	Acrodonta
Leiosaurus_bellii	Leiosaurus	Leiosauridae	Leiosaurinae	Pleurodonta
Leiosaurus_catamarcensis	Leiosaurus	Leiosauridae	Leiosaurinae	Pleurodonta
Leiosaurus_jaguaris	Leiosaurus	Leiosauridae	Leiosaurinae	Pleurodonta
Leiosaurus_paronae	Leiosaurus	Leiosauridae	Leiosaurinae	Pleurodonta
Liolaemus_abaucan	Liolaemus	Liolaemidae	NA	Pleurodonta
Liolaemus_albiceps	Liolaemus	Liolaemidae	NA	Pleurodonta
Liolaemus_alticolor	Liolaemus	Liolaemidae	NA	Pleurodonta
Liolaemus_andinus	Liolaemus	Liolaemidae	NA	Pleurodonta
Liolaemus_annectens	Liolaemus	Liolaemidae	NA	Pleurodonta
Liolaemus_anomalus	Liolaemus	Liolaemidae	NA	Pleurodonta
Liolaemus_antumalguen	Liolaemus	Liolaemidae	NA	Pleurodonta
Liolaemus_arambarensis	Liolaemus	Liolaemidae	NA	Pleurodonta
Liolaemus_araucaniensis	Liolaemus	Liolaemidae	NA	Pleurodonta
Liolaemus_archeforus	Liolaemus	Liolaemidae	NA	Pleurodonta
Liolaemus_atacamensis	Liolaemus	Liolaemidae	NA	Pleurodonta
Liolaemus_audituvelatus	Liolaemus	Liolaemidae	NA	Pleurodonta
Liolaemus_austromendocinus	Liolaemus	Liolaemidae	NA	Pleurodonta
Liolaemus_avilai	Liolaemus	Liolaemidae	NA	Pleurodonta
Liolaemus_azarai	Liolaemus	Liolaemidae	NA	Pleurodonta
Liolaemus_baguali	Liolaemus	Liolaemidae	NA	Pleurodonta
Liolaemus_bellii	Liolaemus	Liolaemidae	NA	Pleurodonta
Liolaemus_bibronii	Liolaemus	Liolaemidae	NA	Pleurodonta
Liolaemus_bitaeniatus	Liolaemus	Liolaemidae	NA	Pleurodonta
Liolaemus_boulengeri	Liolaemus	Liolaemidae	NA	Pleurodonta
Liolaemus_buergeri	Liolaemus	Liolaemidae	NA	Pleurodonta
Liolaemus_burmeisteri	Liolaemus	Liolaemidae	NA	Pleurodonta
Liolaemus_calchaqui	Liolaemus	Liolaemidae	NA	Pleurodonta
Liolaemus_canqueli	Liolaemus	Liolaemidae	NA	Pleurodonta
Liolaemus_capillitas	Liolaemus	Liolaemidae	NA	Pleurodonta
Liolaemus_carlosgarini	Liolaemus	Liolaemidae	NA	Pleurodonta
Liolaemus_casamiquelai	Liolaemus	Liolaemidae	NA	Pleurodonta
Liolaemus_chacabucoense	Liolaemus	Liolaemidae	NA	Pleurodonta
Liolaemus_chacoensis	Liolaemus	Liolaemidae	NA	Pleurodonta
Liolaemus_chaltin	Liolaemus	Liolaemidae	NA	Pleurodonta
Liolaemus_chavin	Liolaemus	Liolaemidae	NA	Pleurodonta
Liolaemus_chehuachekenk	Liolaemus	Liolaemidae	NA	Pleurodonta
Liolaemus_chiliensis	Liolaemus	Liolaemidae	NA	Pleurodonta
Liolaemus_chillanensis	Liolaemus	Liolaemidae	NA	Pleurodonta
Liolaemus_choique	Liolaemus	Liolaemidae	NA	Pleurodonta
Liolaemus_coeruleus	Liolaemus	Liolaemidae	NA	Pleurodonta
Liolaemus_confusus	Liolaemus	Liolaemidae	NA	Pleurodonta
Liolaemus_crandalli	Liolaemus	Liolaemidae	NA	Pleurodonta
Liolaemus_cranwelli	Liolaemus	Liolaemidae	NA	Pleurodonta
Liolaemus_crepuscularis	Liolaemus	Liolaemidae	NA	Pleurodonta
Liolaemus_cristiani	Liolaemus	Liolaemidae	NA	Pleurodonta
Liolaemus_curicensis	Liolaemus	Liolaemidae	NA	Pleurodonta
Liolaemus_curis	Liolaemus	Liolaemidae	NA	Pleurodonta
Liolaemus_cuyanus	Liolaemus	Liolaemidae	NA	Pleurodonta
Liolaemus_cuyumhue	Liolaemus	Liolaemidae	NA	Pleurodonta
Liolaemus_cyanogaster	Liolaemus	Liolaemidae	NA	Pleurodonta
Liolaemus_darwinii	Liolaemus	Liolaemidae	NA	Pleurodonta
Liolaemus_dicktracyi	Liolaemus	Liolaemidae	NA	Pleurodonta
Liolaemus_donosobarrosi	Liolaemus	Liolaemidae	NA	Pleurodonta
Liolaemus_dorbignyi	Liolaemus	Liolaemidae	NA	Pleurodonta
Liolaemus_eleodori	Liolaemus	Liolaemidae	NA	Pleurodonta
Liolaemus_elongatus	Liolaemus	Liolaemidae	NA	Pleurodonta
Liolaemus_escarchadosi	Liolaemus	Liolaemidae	NA	Pleurodonta
Liolaemus_espinozai	Liolaemus	Liolaemidae	NA	Pleurodonta
Liolaemus_etheridgei	Liolaemus	Liolaemidae	NA	Pleurodonta
Liolaemus_fabiani	Liolaemus	Liolaemidae	NA	Pleurodonta
Liolaemus_famatinae	Liolaemus	Liolaemidae	NA	Pleurodonta
Liolaemus_fitzingerii	Liolaemus	Liolaemidae	NA	Pleurodonta
Liolaemus_flavipiceus	Liolaemus	Liolaemidae	NA	Pleurodonta
Liolaemus_frassinettii	Liolaemus	Liolaemidae	NA	Pleurodonta
Liolaemus_fuscus	Liolaemus	Liolaemidae	NA	Pleurodonta
Liolaemus_gallardoi	Liolaemus	Liolaemidae	NA	Pleurodonta
Liolaemus_goetschi	Liolaemus	Liolaemidae	NA	Pleurodonta
Liolaemus_gracilis	Liolaemus	Liolaemidae	NA	Pleurodonta
Liolaemus_gravenhorstii	Liolaemus	Liolaemidae	NA	Pleurodonta
Liolaemus_grosseorum	Liolaemus	Liolaemidae	NA	Pleurodonta
Liolaemus_gununakuna	Liolaemus	Liolaemidae	NA	Pleurodonta
Liolaemus_hatcheri	Liolaemus	Liolaemidae	NA	Pleurodonta
Liolaemus_heliodermis	Liolaemus	Liolaemidae	NA	Pleurodonta
Liolaemus_hermannunezi	Liolaemus	Liolaemidae	NA	Pleurodonta
Liolaemus_huacahuasicus	Liolaemus	Liolaemidae	NA	Pleurodonta
Liolaemus_inacayali	Liolaemus	Liolaemidae	NA	Pleurodonta
Liolaemus_incaicus	Liolaemus	Liolaemidae	NA	Pleurodonta
Liolaemus_insolitus	Liolaemus	Liolaemidae	NA	Pleurodonta
Liolaemus_irregularis	Liolaemus	Liolaemidae	NA	Pleurodonta
Liolaemus_isabelae	Liolaemus	Liolaemidae	NA	Pleurodonta
Liolaemus_jamesi	Liolaemus	Liolaemidae	NA	Pleurodonta
Liolaemus_janequeoae	Liolaemus	Liolaemidae	NA	Pleurodonta
Liolaemus_josei	Liolaemus	Liolaemidae	NA	Pleurodonta
Liolaemus_kingii	Liolaemus	Liolaemidae	NA	Pleurodonta
Liolaemus_kolengh	Liolaemus	Liolaemidae	NA	Pleurodonta
Liolaemus_koslowskyi	Liolaemus	Liolaemidae	NA	Pleurodonta
Liolaemus_kriegi	Liolaemus	Liolaemidae	NA	Pleurodonta
Liolaemus_kuhlmanni	Liolaemus	Liolaemidae	NA	Pleurodonta
Liolaemus_laurenti	Liolaemus	Liolaemidae	NA	Pleurodonta
Liolaemus_lavillai	Liolaemus	Liolaemidae	NA	Pleurodonta
Liolaemus_leftrarui	Liolaemus	Liolaemidae	NA	Pleurodonta
Liolaemus_lemniscatus	Liolaemus	Liolaemidae	NA	Pleurodonta
Liolaemus_lentus	Liolaemus	Liolaemidae	NA	Pleurodonta
Liolaemus_leopardinus	Liolaemus	Liolaemidae	NA	Pleurodonta
Liolaemus_lineomaculatus	Liolaemus	Liolaemidae	NA	Pleurodonta
Liolaemus_loboi	Liolaemus	Liolaemidae	NA	Pleurodonta
Liolaemus_lutzae	Liolaemus	Liolaemidae	NA	Pleurodonta
Liolaemus_magellanicus	Liolaemus	Liolaemidae	NA	Pleurodonta
Liolaemus_mapuche	Liolaemus	Liolaemidae	NA	Pleurodonta
Liolaemus_martorii	Liolaemus	Liolaemidae	NA	Pleurodonta
Liolaemus_melanogaster	Liolaemus	Liolaemidae	NA	Pleurodonta
Liolaemus_melanops	Liolaemus	Liolaemidae	NA	Pleurodonta
Liolaemus_molinai	Liolaemus	Liolaemidae	NA	Pleurodonta
Liolaemus_monticola	Liolaemus	Liolaemidae	NA	Pleurodonta
Liolaemus_morandae	Liolaemus	Liolaemidae	NA	Pleurodonta
Liolaemus_morenoi	Liolaemus	Liolaemidae	NA	Pleurodonta
Liolaemus_multicolor	Liolaemus	Liolaemidae	NA	Pleurodonta
Liolaemus_multimaculatus	Liolaemus	Liolaemidae	NA	Pleurodonta
Liolaemus_neuquensis	Liolaemus	Liolaemidae	NA	Pleurodonta
Liolaemus_nigromaculatus	Liolaemus	Liolaemidae	NA	Pleurodonta
Liolaemus_nigroviridis	Liolaemus	Liolaemidae	NA	Pleurodonta
Liolaemus_nitidus	Liolaemus	Liolaemidae	NA	Pleurodonta
Liolaemus_occipitalis	Liolaemus	Liolaemidae	NA	Pleurodonta
Liolaemus_olongasta	Liolaemus	Liolaemidae	NA	Pleurodonta
Liolaemus_orientalis	Liolaemus	Liolaemidae	NA	Pleurodonta
Liolaemus_ornatus	Liolaemus	Liolaemidae	NA	Pleurodonta
Liolaemus_ortizii	Liolaemus	Liolaemidae	NA	Pleurodonta
Liolaemus_pachacutec	Liolaemus	Liolaemidae	NA	Pleurodonta
Liolaemus_pagaburoi	Liolaemus	Liolaemidae	NA	Pleurodonta
Liolaemus_parvus	Liolaemus	Liolaemidae	NA	Pleurodonta
Liolaemus_paulinae	Liolaemus	Liolaemidae	NA	Pleurodonta
Liolaemus_petrophilus	Liolaemus	Liolaemidae	NA	Pleurodonta
Liolaemus_pictus	Liolaemus	Liolaemidae	NA	Pleurodonta
Liolaemus_platei	Liolaemus	Liolaemidae	NA	Pleurodonta
Liolaemus_poconchilensis	Liolaemus	Liolaemidae	NA	Pleurodonta
Liolaemus_poecilochromus	Liolaemus	Liolaemidae	NA	Pleurodonta
Liolaemus_polystictus	Liolaemus	Liolaemidae	NA	Pleurodonta
Liolaemus_pseudoanomalus	Liolaemus	Liolaemidae	NA	Pleurodonta
Liolaemus_pseudolemniscatus	Liolaemus	Liolaemidae	NA	Pleurodonta
Liolaemus_puelche	Liolaemus	Liolaemidae	NA	Pleurodonta
Liolaemus_puna	Liolaemus	Liolaemidae	NA	Pleurodonta
Liolaemus_punmahuida	Liolaemus	Liolaemidae	NA	Pleurodonta
Liolaemus_quilmes	Liolaemus	Liolaemidae	NA	Pleurodonta
Liolaemus_ramirezae	Liolaemus	Liolaemidae	NA	Pleurodonta
Liolaemus_riojanus	Liolaemus	Liolaemidae	NA	Pleurodonta
Liolaemus_robertmertensi	Liolaemus	Liolaemidae	NA	Pleurodonta
Liolaemus_robustus	Liolaemus	Liolaemidae	NA	Pleurodonta
Liolaemus_rothi	Liolaemus	Liolaemidae	NA	Pleurodonta
Liolaemus_ruibali	Liolaemus	Liolaemidae	NA	Pleurodonta
Liolaemus_sagei	Liolaemus	Liolaemidae	NA	Pleurodonta
Liolaemus_salinicola	Liolaemus	Liolaemidae	NA	Pleurodonta
Liolaemus_sarmientoi	Liolaemus	Liolaemidae	NA	Pleurodonta
Liolaemus_saxatilis	Liolaemus	Liolaemidae	NA	Pleurodonta
Liolaemus_scapularis	Liolaemus	Liolaemidae	NA	Pleurodonta
Liolaemus_schroederi	Liolaemus	Liolaemidae	NA	Pleurodonta
Liolaemus_scolaroi	Liolaemus	Liolaemidae	NA	Pleurodonta
Liolaemus_scorialis	Liolaemus	Liolaemidae	NA	Pleurodonta
Liolaemus_senguer	Liolaemus	Liolaemidae	NA	Pleurodonta
Liolaemus_septentrionalis	Liolaemus	Liolaemidae	NA	Pleurodonta
Liolaemus_shitan	Liolaemus	Liolaemidae	NA	Pleurodonta
Liolaemus_signifer	Liolaemus	Liolaemidae	NA	Pleurodonta
Liolaemus_silvai	Liolaemus	Liolaemidae	NA	Pleurodonta
Liolaemus_silvanae	Liolaemus	Liolaemidae	NA	Pleurodonta
Liolaemus_sitesi	Liolaemus	Liolaemidae	NA	Pleurodonta
Liolaemus_smaug	Liolaemus	Liolaemidae	NA	Pleurodonta
Liolaemus_somuncurae	Liolaemus	Liolaemidae	NA	Pleurodonta
Liolaemus_stolzmanni	Liolaemus	Liolaemidae	NA	Pleurodonta
Liolaemus_tacnae	Liolaemus	Liolaemidae	NA	Pleurodonta
Liolaemus_talampaya	Liolaemus	Liolaemidae	NA	Pleurodonta
Liolaemus_tari	Liolaemus	Liolaemidae	NA	Pleurodonta
Liolaemus_tehuelche	Liolaemus	Liolaemidae	NA	Pleurodonta
Liolaemus_telsen	Liolaemus	Liolaemidae	NA	Pleurodonta
Liolaemus_tenuis	Liolaemus	Liolaemidae	NA	Pleurodonta
Liolaemus_thermarum	Liolaemus	Liolaemidae	NA	Pleurodonta
Liolaemus_thomasi	Liolaemus	Liolaemidae	NA	Pleurodonta
Liolaemus_torresi	Liolaemus	Liolaemidae	NA	Pleurodonta
Liolaemus_tregenzai	Liolaemus	Liolaemidae	NA	Pleurodonta
Liolaemus_tristis	Liolaemus	Liolaemidae	NA	Pleurodonta
Liolaemus_tromen	Liolaemus	Liolaemidae	NA	Pleurodonta
Liolaemus_tulkas	Liolaemus	Liolaemidae	NA	Pleurodonta
Liolaemus_umbrifer	Liolaemus	Liolaemidae	NA	Pleurodonta
Liolaemus_uniformis	Liolaemus	Liolaemidae	NA	Pleurodonta
Liolaemus_uptoni	Liolaemus	Liolaemidae	NA	Pleurodonta
Liolaemus_uspallatensis	Liolaemus	Liolaemidae	NA	Pleurodonta
Liolaemus_vallecurensis	Liolaemus	Liolaemidae	NA	Pleurodonta
Liolaemus_velosoi	Liolaemus	Liolaemidae	NA	Pleurodonta
Liolaemus_walkeri	Liolaemus	Liolaemidae	NA	Pleurodonta
Liolaemus_wari	Liolaemus	Liolaemidae	NA	Pleurodonta
Liolaemus_wiegmannii	Liolaemus	Liolaemidae	NA	Pleurodonta
Liolaemus_williamsi	Liolaemus	Liolaemidae	NA	Pleurodonta
Liolaemus_xanthoviridis	Liolaemus	Liolaemidae	NA	Pleurodonta
Liolaemus_yanalcu	Liolaemus	Liolaemidae	NA	Pleurodonta
Liolaemus_zabalai	Liolaemus	Liolaemidae	NA	Pleurodonta
Liolaemus_zapallarensis	Liolaemus	Liolaemidae	NA	Pleurodonta
Liolaemus_zullyae	Liolaemus	Liolaemidae	NA	Pleurodonta
Lophocalotes_achlios	Lophocalotes	Agamidae	Draconinae	Acrodonta
Lophocalotes_ludekingi	Lophocalotes	Agamidae	Draconinae	Acrodonta
Lophognathus_burnsi	Lophognathus	Agamidae	Amphibolurinae	Acrodonta
Lophognathus_gilberti	Lophognathus	Agamidae	Amphibolurinae	Acrodonta
Lophosaurus_boydii	Lophosaurus	Agamidae	Amphibolurinae	Acrodonta
Lophosaurus_dilophus	Lophosaurus	Agamidae	Amphibolurinae	Acrodonta
Lophosaurus_spinipes	Lophosaurus	Agamidae	Amphibolurinae	Acrodonta
Lyriocephalus_scutatus	Lyriocephalus	Agamidae	Draconinae	Acrodonta
Malayodracon_robinsonii	Malayodracon	Agamidae	Draconinae	Acrodonta
Mantheyus_phuwuanensis	Mantheyus	Agamidae	Draconinae	Acrodonta
Microlophus_albemarlensis	Microlophus	Tropiduridae	NA	Pleurodonta
Microlophus_atacamensis	Microlophus	Tropiduridae	NA	Pleurodonta
Microlophus_bivittatus	Microlophus	Tropiduridae	NA	Pleurodonta
Microlophus_delanonis	Microlophus	Tropiduridae	NA	Pleurodonta
Microlophus_duncanensis	Microlophus	Tropiduridae	NA	Pleurodonta
Microlophus_grayii	Microlophus	Tropiduridae	NA	Pleurodonta
Microlophus_habelii	Microlophus	Tropiduridae	NA	Pleurodonta
Microlophus_heterolepis	Microlophus	Tropiduridae	NA	Pleurodonta
Microlophus_indefatigabilis	Microlophus	Tropiduridae	NA	Pleurodonta
Microlophus_jacobii	Microlophus	Tropiduridae	NA	Pleurodonta
Microlophus_koepckeorum	Microlophus	Tropiduridae	NA	Pleurodonta
Microlophus_occipitalis	Microlophus	Tropiduridae	NA	Pleurodonta
Microlophus_pacificus	Microlophus	Tropiduridae	NA	Pleurodonta
Microlophus_peruvianus	Microlophus	Tropiduridae	NA	Pleurodonta
Microlophus_quadrivittatus	Microlophus	Tropiduridae	NA	Pleurodonta
Microlophus_stolzmanni	Microlophus	Tropiduridae	NA	Pleurodonta
Microlophus_theresiae	Microlophus	Tropiduridae	NA	Pleurodonta
Microlophus_theresioides	Microlophus	Tropiduridae	NA	Pleurodonta
Microlophus_thoracicus	Microlophus	Tropiduridae	NA	Pleurodonta
Microlophus_tigris	Microlophus	Tropiduridae	NA	Pleurodonta
Microlophus_yanezi	Microlophus	Tropiduridae	NA	Pleurodonta
Moloch_horridus	Moloch	Agamidae	Amphibolurinae	Acrodonta
Morunasaurus_annularis	Morunasaurus	Hoplocercidae	NA	Pleurodonta
Nadzikambia_baylissi	Nadzikambia	Chamaeleonidae	NA	Acrodonta
Nadzikambia_mlanjensis	Nadzikambia	Chamaeleonidae	NA	Acrodonta
Oplurus_cuvieri	Oplurus	Opluridae	NA	Pleurodonta
Oplurus_cyclurus	Oplurus	Opluridae	NA	Pleurodonta
Oplurus_fierinensis	Oplurus	Opluridae	NA	Pleurodonta
Oplurus_grandidieri	Oplurus	Opluridae	NA	Pleurodonta
Oplurus_quadrimaculatus	Oplurus	Opluridae	NA	Pleurodonta
Oplurus_saxicola	Oplurus	Opluridae	NA	Pleurodonta
Otocryptis_beddomei	Otocryptis	Agamidae	Draconinae	Acrodonta
Otocryptis_wiegmanni	Otocryptis	Agamidae	Draconinae	Acrodonta
Palleon_lolontany	Palleon	Chamaeleonidae	NA	Acrodonta
Palleon_nasus	Palleon	Chamaeleonidae	NA	Acrodonta
Paralaudakia_caucasia	Paralaudakia	Agamidae	Agaminae	Acrodonta
Paralaudakia_erythrogaster	Paralaudakia	Agamidae	Agaminae	Acrodonta
Paralaudakia_himalayana	Paralaudakia	Agamidae	Agaminae	Acrodonta
Paralaudakia_lehmanni	Paralaudakia	Agamidae	Agaminae	Acrodonta
Paralaudakia_microlepis	Paralaudakia	Agamidae	Agaminae	Acrodonta
Paralaudakia_stoliczkana	Paralaudakia	Agamidae	Agaminae	Acrodonta
Petrosaurus_mearnsi	Petrosaurus	Phrynosomatidae	Sceloporinae	Pleurodonta
Petrosaurus_repens	Petrosaurus	Phrynosomatidae	Sceloporinae	Pleurodonta
Petrosaurus_thalassinus	Petrosaurus	Phrynosomatidae	Sceloporinae	Pleurodonta
Phoxophrys_nigrilabris	Phoxophrys	Agamidae	Draconinae	Acrodonta
Phrynocephalus_ahvazicus	Phrynocephalus	Agamidae	Agaminae	Acrodonta
Phrynocephalus_arabicus	Phrynocephalus	Agamidae	Agaminae	Acrodonta
Phrynocephalus_axillaris	Phrynocephalus	Agamidae	Agaminae	Acrodonta
Phrynocephalus_clarkorum	Phrynocephalus	Agamidae	Agaminae	Acrodonta
Phrynocephalus_erythrurus	Phrynocephalus	Agamidae	Agaminae	Acrodonta
Phrynocephalus_forsythii	Phrynocephalus	Agamidae	Agaminae	Acrodonta
Phrynocephalus_golubewii	Phrynocephalus	Agamidae	Agaminae	Acrodonta
Phrynocephalus_guttatus	Phrynocephalus	Agamidae	Agaminae	Acrodonta
Phrynocephalus_helioscopus	Phrynocephalus	Agamidae	Agaminae	Acrodonta
Phrynocephalus_interscapularis	Phrynocephalus	Agamidae	Agaminae	Acrodonta
Phrynocephalus_luteoguttatus	Phrynocephalus	Agamidae	Agaminae	Acrodonta
Phrynocephalus_maculatus	Phrynocephalus	Agamidae	Agaminae	Acrodonta
Phrynocephalus_mystaceus	Phrynocephalus	Agamidae	Agaminae	Acrodonta
Phrynocephalus_ornatus	Phrynocephalus	Agamidae	Agaminae	Acrodonta
Phrynocephalus_persicus	Phrynocephalus	Agamidae	Agaminae	Acrodonta
Phrynocephalus_przewalskii	Phrynocephalus	Agamidae	Agaminae	Acrodonta
Phrynocephalus_putjatai	Phrynocephalus	Agamidae	Agaminae	Acrodonta
Phrynocephalus_raddei	Phrynocephalus	Agamidae	Agaminae	Acrodonta
Phrynocephalus_reticulatus	Phrynocephalus	Agamidae	Agaminae	Acrodonta
Phrynocephalus_roborowskii	Phrynocephalus	Agamidae	Agaminae	Acrodonta
Phrynocephalus_rossikowi	Phrynocephalus	Agamidae	Agaminae	Acrodonta
Phrynocephalus_sakoi	Phrynocephalus	Agamidae	Agaminae	Acrodonta
Phrynocephalus_scutellatus	Phrynocephalus	Agamidae	Agaminae	Acrodonta
Phrynocephalus_strauchi	Phrynocephalus	Agamidae	Agaminae	Acrodonta
Phrynocephalus_theobaldi	Phrynocephalus	Agamidae	Agaminae	Acrodonta
Phrynocephalus_versicolor	Phrynocephalus	Agamidae	Agaminae	Acrodonta
Phrynocephalus_vlangalii	Phrynocephalus	Agamidae	Agaminae	Acrodonta
Phrynosoma_asio	Phrynosoma	Phrynosomatidae	Phrynosomatinae	Pleurodonta
Phrynosoma_blainvillii	Phrynosoma	Phrynosomatidae	Phrynosomatinae	Pleurodonta
Phrynosoma_braconnieri	Phrynosoma	Phrynosomatidae	Phrynosomatinae	Pleurodonta
Phrynosoma_cerroense	Phrynosoma	Phrynosomatidae	Phrynosomatinae	Pleurodonta
Phrynosoma_cornutum	Phrynosoma	Phrynosomatidae	Phrynosomatinae	Pleurodonta
Phrynosoma_coronatum	Phrynosoma	Phrynosomatidae	Phrynosomatinae	Pleurodonta
Phrynosoma_ditmarsi	Phrynosoma	Phrynosomatidae	Phrynosomatinae	Pleurodonta
Phrynosoma_douglasii	Phrynosoma	Phrynosomatidae	Phrynosomatinae	Pleurodonta
Phrynosoma_goodei	Phrynosoma	Phrynosomatidae	Phrynosomatinae	Pleurodonta
Phrynosoma_hernandesi	Phrynosoma	Phrynosomatidae	Phrynosomatinae	Pleurodonta
Phrynosoma_mcallii	Phrynosoma	Phrynosomatidae	Phrynosomatinae	Pleurodonta
Phrynosoma_modestum	Phrynosoma	Phrynosomatidae	Phrynosomatinae	Pleurodonta
Phrynosoma_orbiculare	Phrynosoma	Phrynosomatidae	Phrynosomatinae	Pleurodonta
Phrynosoma_platyrhinos	Phrynosoma	Phrynosomatidae	Phrynosomatinae	Pleurodonta
Phrynosoma_sherbrookei	Phrynosoma	Phrynosomatidae	Phrynosomatinae	Pleurodonta
Phrynosoma_solare	Phrynosoma	Phrynosomatidae	Phrynosomatinae	Pleurodonta
Phrynosoma_taurus	Phrynosoma	Phrynosomatidae	Phrynosomatinae	Pleurodonta
Phrynosoma_wigginsi	Phrynosoma	Phrynosomatidae	Phrynosomatinae	Pleurodonta
Phymaturus_aguedae	Phymaturus	Liolaemidae	NA	Pleurodonta
Phymaturus_alicahuense	Phymaturus	Liolaemidae	NA	Pleurodonta
Phymaturus_antofagastensis	Phymaturus	Liolaemidae	NA	Pleurodonta
Phymaturus_bibronii	Phymaturus	Liolaemidae	NA	Pleurodonta
Phymaturus_cacivioi	Phymaturus	Liolaemidae	NA	Pleurodonta
Phymaturus_calcogaster	Phymaturus	Liolaemidae	NA	Pleurodonta
Phymaturus_camilae	Phymaturus	Liolaemidae	NA	Pleurodonta
Phymaturus_castillensis	Phymaturus	Liolaemidae	NA	Pleurodonta
Phymaturus_ceii	Phymaturus	Liolaemidae	NA	Pleurodonta
Phymaturus_damasense	Phymaturus	Liolaemidae	NA	Pleurodonta
Phymaturus_darwini	Phymaturus	Liolaemidae	NA	Pleurodonta
Phymaturus_delheyi	Phymaturus	Liolaemidae	NA	Pleurodonta
Phymaturus_denotatus	Phymaturus	Liolaemidae	NA	Pleurodonta
Phymaturus_dorsimaculatus	Phymaturus	Liolaemidae	NA	Pleurodonta
Phymaturus_etheridgei	Phymaturus	Liolaemidae	NA	Pleurodonta
Phymaturus_excelsus	Phymaturus	Liolaemidae	NA	Pleurodonta
Phymaturus_extrilidus	Phymaturus	Liolaemidae	NA	Pleurodonta
Phymaturus_felixi	Phymaturus	Liolaemidae	NA	Pleurodonta
Phymaturus_indistinctus	Phymaturus	Liolaemidae	NA	Pleurodonta
Phymaturus_laurenti	Phymaturus	Liolaemidae	NA	Pleurodonta
Phymaturus_mallimaccii	Phymaturus	Liolaemidae	NA	Pleurodonta
Phymaturus_manuelae	Phymaturus	Liolaemidae	NA	Pleurodonta
Phymaturus_maulense	Phymaturus	Liolaemidae	NA	Pleurodonta
Phymaturus_nevadoi	Phymaturus	Liolaemidae	NA	Pleurodonta
Phymaturus_palluma	Phymaturus	Liolaemidae	NA	Pleurodonta
Phymaturus_patagonicus	Phymaturus	Liolaemidae	NA	Pleurodonta
Phymaturus_payuniae	Phymaturus	Liolaemidae	NA	Pleurodonta
Phymaturus_punae	Phymaturus	Liolaemidae	NA	Pleurodonta
Phymaturus_querque	Phymaturus	Liolaemidae	NA	Pleurodonta
Phymaturus_rahuensis	Phymaturus	Liolaemidae	NA	Pleurodonta
Phymaturus_roigorum	Phymaturus	Liolaemidae	NA	Pleurodonta
Phymaturus_sinervoi	Phymaturus	Liolaemidae	NA	Pleurodonta
Phymaturus_sitesi	Phymaturus	Liolaemidae	NA	Pleurodonta
Phymaturus_somuncurensis	Phymaturus	Liolaemidae	NA	Pleurodonta
Phymaturus_spectabilis	Phymaturus	Liolaemidae	NA	Pleurodonta
Phymaturus_spurcus	Phymaturus	Liolaemidae	NA	Pleurodonta
Phymaturus_tenebrosus	Phymaturus	Liolaemidae	NA	Pleurodonta
Phymaturus_tromen	Phymaturus	Liolaemidae	NA	Pleurodonta
Phymaturus_verdugo	Phymaturus	Liolaemidae	NA	Pleurodonta
Phymaturus_videlai	Phymaturus	Liolaemidae	NA	Pleurodonta
Phymaturus_vociferator	Phymaturus	Liolaemidae	NA	Pleurodonta
Phymaturus_williamsi	Phymaturus	Liolaemidae	NA	Pleurodonta
Phymaturus_yachanana	Phymaturus	Liolaemidae	NA	Pleurodonta
Phymaturus_zapalensis	Phymaturus	Liolaemidae	NA	Pleurodonta
Physignathus_cocincinus	Physignathus	Agamidae	Amphibolurinae	Acrodonta
Plica_lumaria	Plica	Tropiduridae	NA	Pleurodonta
Plica_plica	Plica	Tropiduridae	NA	Pleurodonta
Plica_umbra	Plica	Tropiduridae	NA	Pleurodonta
Pogona_barbata	Pogona	Agamidae	Amphibolurinae	Acrodonta
Pogona_henrylawsoni	Pogona	Agamidae	Amphibolurinae	Acrodonta
Pogona_minima	Pogona	Agamidae	Amphibolurinae	Acrodonta
Pogona_minor	Pogona	Agamidae	Amphibolurinae	Acrodonta
Pogona_mitchelli	Pogona	Agamidae	Amphibolurinae	Acrodonta
Pogona_nullarbor	Pogona	Agamidae	Amphibolurinae	Acrodonta
Pogona_vitticeps	Pogona	Agamidae	Amphibolurinae	Acrodonta
Polychrus_acutirostris	Polychrus	Polychrotidae	NA	Pleurodonta
Polychrus_auduboni	Polychrus	Polychrotidae	NA	Pleurodonta
Polychrus_femoralis	Polychrus	Polychrotidae	NA	Pleurodonta
Polychrus_gutturosus	Polychrus	Polychrotidae	NA	Pleurodonta
Polychrus_jacquelinae	Polychrus	Polychrotidae	NA	Pleurodonta
Polychrus_liogaster	Polychrus	Polychrotidae	NA	Pleurodonta
Polychrus_marmoratus	Polychrus	Polychrotidae	NA	Pleurodonta
Polychrus_peruvianus	Polychrus	Polychrotidae	NA	Pleurodonta
Pristidactylus_achalensis	Pristidactylus	Leiosauridae	Leiosaurinae	Pleurodonta
Pristidactylus_araucanus	Pristidactylus	Leiosauridae	Leiosaurinae	Pleurodonta
Pristidactylus_fasciatus	Pristidactylus	Leiosauridae	Leiosaurinae	Pleurodonta
Pristidactylus_nigroiugulus	Pristidactylus	Leiosauridae	Leiosaurinae	Pleurodonta
Pristidactylus_scapulatus	Pristidactylus	Leiosauridae	Leiosaurinae	Pleurodonta
Pristidactylus_torquatus	Pristidactylus	Leiosauridae	Leiosaurinae	Pleurodonta
Psammophilus_dorsalis	Psammophilus	Agamidae	Draconinae	Acrodonta
Pseudocalotes_baliomus	Pseudocalotes	Agamidae	Draconinae	Acrodonta
Pseudocalotes_brevipes	Pseudocalotes	Agamidae	Draconinae	Acrodonta
Pseudocalotes_cybelidermus	Pseudocalotes	Agamidae	Draconinae	Acrodonta
Pseudocalotes_drogon	Pseudocalotes	Agamidae	Draconinae	Acrodonta
Pseudocalotes_flavigula	Pseudocalotes	Agamidae	Draconinae	Acrodonta
Pseudocalotes_floweri	Pseudocalotes	Agamidae	Draconinae	Acrodonta
Pseudocalotes_guttalineatus	Pseudocalotes	Agamidae	Draconinae	Acrodonta
Pseudocalotes_kakhienensis	Pseudocalotes	Agamidae	Draconinae	Acrodonta
Pseudocalotes_kingdonwardi	Pseudocalotes	Agamidae	Draconinae	Acrodonta
Pseudocalotes_larutensis	Pseudocalotes	Agamidae	Draconinae	Acrodonta
Pseudocalotes_microlepis	Pseudocalotes	Agamidae	Draconinae	Acrodonta
Pseudocalotes_rhaegal	Pseudocalotes	Agamidae	Draconinae	Acrodonta
Pseudocalotes_rhammanotus	Pseudocalotes	Agamidae	Draconinae	Acrodonta
Pseudocalotes_tympanistriga	Pseudocalotes	Agamidae	Draconinae	Acrodonta
Pseudocalotes_viserion	Pseudocalotes	Agamidae	Draconinae	Acrodonta
Pseudotrapelus_aqabensis	Pseudotrapelus	Agamidae	Agaminae	Acrodonta
Pseudotrapelus_chlodnickii	Pseudotrapelus	Agamidae	Agaminae	Acrodonta
Pseudotrapelus_dhofarensis	Pseudotrapelus	Agamidae	Agaminae	Acrodonta
Pseudotrapelus_jensvindumi	Pseudotrapelus	Agamidae	Agaminae	Acrodonta
Pseudotrapelus_neumanni	Pseudotrapelus	Agamidae	Agaminae	Acrodonta
Pseudotrapelus_sinaitus	Pseudotrapelus	Agamidae	Agaminae	Acrodonta
Ptyctolaemus_collicristatus	Ptyctolaemus	Agamidae	Draconinae	Acrodonta
Ptyctolaemus_gularis	Ptyctolaemus	Agamidae	Draconinae	Acrodonta
Rankinia_diemensis	Rankinia	Agamidae	Amphibolurinae	Acrodonta
Rhampholeon_acuminatus	Rhampholeon	Chamaeleonidae	NA	Acrodonta
Rhampholeon_beraduccii	Rhampholeon	Chamaeleonidae	NA	Acrodonta
Rhampholeon_boulengeri	Rhampholeon	Chamaeleonidae	NA	Acrodonta
Rhampholeon_chapmanorum	Rhampholeon	Chamaeleonidae	NA	Acrodonta
Rhampholeon_gorongosae	Rhampholeon	Chamaeleonidae	NA	Acrodonta
Rhampholeon_hattinghi	Rhampholeon	Chamaeleonidae	NA	Acrodonta
Rhampholeon_marshalli	Rhampholeon	Chamaeleonidae	NA	Acrodonta
Rhampholeon_moyeri	Rhampholeon	Chamaeleonidae	NA	Acrodonta
Rhampholeon_nchisiensis	Rhampholeon	Chamaeleonidae	NA	Acrodonta
Rhampholeon_platyceps	Rhampholeon	Chamaeleonidae	NA	Acrodonta
Rhampholeon_spectrum	Rhampholeon	Chamaeleonidae	NA	Acrodonta
Rhampholeon_spinosus	Rhampholeon	Chamaeleonidae	NA	Acrodonta
Rhampholeon_temporalis	Rhampholeon	Chamaeleonidae	NA	Acrodonta
Rhampholeon_uluguruensis	Rhampholeon	Chamaeleonidae	NA	Acrodonta
Rhampholeon_viridis	Rhampholeon	Chamaeleonidae	NA	Acrodonta
Rieppeleon_brachyurus	Rieppeleon	Chamaeleonidae	NA	Acrodonta
Rieppeleon_brevicaudatus	Rieppeleon	Chamaeleonidae	NA	Acrodonta
Rieppeleon_kerstenii	Rieppeleon	Chamaeleonidae	NA	Acrodonta
Saara_asmussi	Saara	Agamidae	Uromastycinae	Acrodonta
Saara_hardwickii	Saara	Agamidae	Uromastycinae	Acrodonta
Saara_loricata	Saara	Agamidae	Uromastycinae	Acrodonta
Salea_anamallayana	Salea	Agamidae	Draconinae	Acrodonta
Salea_horsfieldii	Salea	Agamidae	Draconinae	Acrodonta
Sarada_darwini	Sarada	Agamidae	Draconinae	Acrodonta
Sarada_deccanensis	Sarada	Agamidae	Draconinae	Acrodonta
Sarada_superba	Sarada	Agamidae	Draconinae	Acrodonta
Sauromalus_ater	Sauromalus	Iguanidae	NA	Pleurodonta
Sauromalus_hispidus	Sauromalus	Iguanidae	NA	Pleurodonta
Sauromalus_klauberi	Sauromalus	Iguanidae	NA	Pleurodonta
Sauromalus_varius	Sauromalus	Iguanidae	NA	Pleurodonta
Sceloporus_acanthinus	Sceloporus	Phrynosomatidae	Sceloporinae	Pleurodonta
Sceloporus_adleri	Sceloporus	Phrynosomatidae	Sceloporinae	Pleurodonta
Sceloporus_aeneus	Sceloporus	Phrynosomatidae	Sceloporinae	Pleurodonta
Sceloporus_anahuacus	Sceloporus	Phrynosomatidae	Sceloporinae	Pleurodonta
Sceloporus_angustus	Sceloporus	Phrynosomatidae	Sceloporinae	Pleurodonta
Sceloporus_arenicolus	Sceloporus	Phrynosomatidae	Sceloporinae	Pleurodonta
Sceloporus_asper	Sceloporus	Phrynosomatidae	Sceloporinae	Pleurodonta
Sceloporus_aurantius	Sceloporus	Phrynosomatidae	Sceloporinae	Pleurodonta
Sceloporus_aureolus	Sceloporus	Phrynosomatidae	Sceloporinae	Pleurodonta
Sceloporus_bicanthalis	Sceloporus	Phrynosomatidae	Sceloporinae	Pleurodonta
Sceloporus_bimaculosus	Sceloporus	Phrynosomatidae	Sceloporinae	Pleurodonta
Sceloporus_bulleri	Sceloporus	Phrynosomatidae	Sceloporinae	Pleurodonta
Sceloporus_carinatus	Sceloporus	Phrynosomatidae	Sceloporinae	Pleurodonta
Sceloporus_cautus	Sceloporus	Phrynosomatidae	Sceloporinae	Pleurodonta
Sceloporus_chaneyi	Sceloporus	Phrynosomatidae	Sceloporinae	Pleurodonta
Sceloporus_chrysostictus	Sceloporus	Phrynosomatidae	Sceloporinae	Pleurodonta
Sceloporus_clarkii	Sceloporus	Phrynosomatidae	Sceloporinae	Pleurodonta
Sceloporus_consobrinus	Sceloporus	Phrynosomatidae	Sceloporinae	Pleurodonta
Sceloporus_couchii	Sceloporus	Phrynosomatidae	Sceloporinae	Pleurodonta
Sceloporus_cowlesi	Sceloporus	Phrynosomatidae	Sceloporinae	Pleurodonta
Sceloporus_cozumelae	Sceloporus	Phrynosomatidae	Sceloporinae	Pleurodonta
Sceloporus_cryptus	Sceloporus	Phrynosomatidae	Sceloporinae	Pleurodonta
Sceloporus_cyanogenys	Sceloporus	Phrynosomatidae	Sceloporinae	Pleurodonta
Sceloporus_cyanostictus	Sceloporus	Phrynosomatidae	Sceloporinae	Pleurodonta
Sceloporus_druckercolini	Sceloporus	Phrynosomatidae	Sceloporinae	Pleurodonta
Sceloporus_dugesii	Sceloporus	Phrynosomatidae	Sceloporinae	Pleurodonta
Sceloporus_edwardtaylori	Sceloporus	Phrynosomatidae	Sceloporinae	Pleurodonta
Sceloporus_exsul	Sceloporus	Phrynosomatidae	Sceloporinae	Pleurodonta
Sceloporus_formosus	Sceloporus	Phrynosomatidae	Sceloporinae	Pleurodonta
Sceloporus_gadoviae	Sceloporus	Phrynosomatidae	Sceloporinae	Pleurodonta
Sceloporus_gadsdeni	Sceloporus	Phrynosomatidae	Sceloporinae	Pleurodonta
Sceloporus_goldmani	Sceloporus	Phrynosomatidae	Sceloporinae	Pleurodonta
Sceloporus_graciosus	Sceloporus	Phrynosomatidae	Sceloporinae	Pleurodonta
Sceloporus_grammicus	Sceloporus	Phrynosomatidae	Sceloporinae	Pleurodonta
Sceloporus_grandaevus	Sceloporus	Phrynosomatidae	Sceloporinae	Pleurodonta
Sceloporus_heterolepis	Sceloporus	Phrynosomatidae	Sceloporinae	Pleurodonta
Sceloporus_horridus	Sceloporus	Phrynosomatidae	Sceloporinae	Pleurodonta
Sceloporus_hunsakeri	Sceloporus	Phrynosomatidae	Sceloporinae	Pleurodonta
Sceloporus_insignis	Sceloporus	Phrynosomatidae	Sceloporinae	Pleurodonta
Sceloporus_internasalis	Sceloporus	Phrynosomatidae	Sceloporinae	Pleurodonta
Sceloporus_jalapae	Sceloporus	Phrynosomatidae	Sceloporinae	Pleurodonta
Sceloporus_jarrovii	Sceloporus	Phrynosomatidae	Sceloporinae	Pleurodonta
Sceloporus_licki	Sceloporus	Phrynosomatidae	Sceloporinae	Pleurodonta
Sceloporus_lineatulus	Sceloporus	Phrynosomatidae	Sceloporinae	Pleurodonta
Sceloporus_lundelli	Sceloporus	Phrynosomatidae	Sceloporinae	Pleurodonta
Sceloporus_macdougalli	Sceloporus	Phrynosomatidae	Sceloporinae	Pleurodonta
Sceloporus_maculosus	Sceloporus	Phrynosomatidae	Sceloporinae	Pleurodonta
Sceloporus_magister	Sceloporus	Phrynosomatidae	Sceloporinae	Pleurodonta
Sceloporus_malachiticus	Sceloporus	Phrynosomatidae	Sceloporinae	Pleurodonta
Sceloporus_megalepidurus	Sceloporus	Phrynosomatidae	Sceloporinae	Pleurodonta
Sceloporus_melanorhinus	Sceloporus	Phrynosomatidae	Sceloporinae	Pleurodonta
Sceloporus_merriami	Sceloporus	Phrynosomatidae	Sceloporinae	Pleurodonta
Sceloporus_minor	Sceloporus	Phrynosomatidae	Sceloporinae	Pleurodonta
Sceloporus_mucronatus	Sceloporus	Phrynosomatidae	Sceloporinae	Pleurodonta
Sceloporus_nelsoni	Sceloporus	Phrynosomatidae	Sceloporinae	Pleurodonta
Sceloporus_occidentalis	Sceloporus	Phrynosomatidae	Sceloporinae	Pleurodonta
Sceloporus_ochoterenae	Sceloporus	Phrynosomatidae	Sceloporinae	Pleurodonta
Sceloporus_olivaceus	Sceloporus	Phrynosomatidae	Sceloporinae	Pleurodonta
Sceloporus_orcutti	Sceloporus	Phrynosomatidae	Sceloporinae	Pleurodonta
Sceloporus_ornatus	Sceloporus	Phrynosomatidae	Sceloporinae	Pleurodonta
Sceloporus_palaciosi	Sceloporus	Phrynosomatidae	Sceloporinae	Pleurodonta
Sceloporus_parvus	Sceloporus	Phrynosomatidae	Sceloporinae	Pleurodonta
Sceloporus_pictus	Sceloporus	Phrynosomatidae	Sceloporinae	Pleurodonta
Sceloporus_poinsettii	Sceloporus	Phrynosomatidae	Sceloporinae	Pleurodonta
Sceloporus_pyrocephalus	Sceloporus	Phrynosomatidae	Sceloporinae	Pleurodonta
Sceloporus_samcolemani	Sceloporus	Phrynosomatidae	Sceloporinae	Pleurodonta
Sceloporus_scalaris	Sceloporus	Phrynosomatidae	Sceloporinae	Pleurodonta
Sceloporus_serrifer	Sceloporus	Phrynosomatidae	Sceloporinae	Pleurodonta
Sceloporus_shannonorum	Sceloporus	Phrynosomatidae	Sceloporinae	Pleurodonta
Sceloporus_siniferus	Sceloporus	Phrynosomatidae	Sceloporinae	Pleurodonta
Sceloporus_slevini	Sceloporus	Phrynosomatidae	Sceloporinae	Pleurodonta
Sceloporus_smaragdinus	Sceloporus	Phrynosomatidae	Sceloporinae	Pleurodonta
Sceloporus_smithi	Sceloporus	Phrynosomatidae	Sceloporinae	Pleurodonta
Sceloporus_spinosus	Sceloporus	Phrynosomatidae	Sceloporinae	Pleurodonta
Sceloporus_squamosus	Sceloporus	Phrynosomatidae	Sceloporinae	Pleurodonta
Sceloporus_stejnegeri	Sceloporus	Phrynosomatidae	Sceloporinae	Pleurodonta
Sceloporus_subniger	Sceloporus	Phrynosomatidae	Sceloporinae	Pleurodonta
Sceloporus_subpictus	Sceloporus	Phrynosomatidae	Sceloporinae	Pleurodonta
Sceloporus_taeniocnemis	Sceloporus	Phrynosomatidae	Sceloporinae	Pleurodonta
Sceloporus_teapensis	Sceloporus	Phrynosomatidae	Sceloporinae	Pleurodonta
Sceloporus_torquatus	Sceloporus	Phrynosomatidae	Sceloporinae	Pleurodonta
Sceloporus_tristichus	Sceloporus	Phrynosomatidae	Sceloporinae	Pleurodonta
Sceloporus_undulatus	Sceloporus	Phrynosomatidae	Sceloporinae	Pleurodonta
Sceloporus_uniformis	Sceloporus	Phrynosomatidae	Sceloporinae	Pleurodonta
Sceloporus_utiformis	Sceloporus	Phrynosomatidae	Sceloporinae	Pleurodonta
Sceloporus_variabilis	Sceloporus	Phrynosomatidae	Sceloporinae	Pleurodonta
Sceloporus_virgatus	Sceloporus	Phrynosomatidae	Sceloporinae	Pleurodonta
Sceloporus_woodi	Sceloporus	Phrynosomatidae	Sceloporinae	Pleurodonta
Sceloporus_zosteromus	Sceloporus	Phrynosomatidae	Sceloporinae	Pleurodonta
Sitana_laticeps	Sitana	Agamidae	Draconinae	Acrodonta
Sitana_marudhamneydhal	Sitana	Agamidae	Draconinae	Acrodonta
Sitana_ponticeriana	Sitana	Agamidae	Draconinae	Acrodonta
Sitana_spinaecephalus	Sitana	Agamidae	Draconinae	Acrodonta
Sitana_visiri	Sitana	Agamidae	Draconinae	Acrodonta
Stellagama_stellio	Stellagama	Agamidae	Agaminae	Acrodonta
Stenocercus_angel	Stenocercus	Tropiduridae	NA	Pleurodonta
Stenocercus_angulifer	Stenocercus	Tropiduridae	NA	Pleurodonta
Stenocercus_apurimacus	Stenocercus	Tropiduridae	NA	Pleurodonta
Stenocercus_azureus	Stenocercus	Tropiduridae	NA	Pleurodonta
Stenocercus_boettgeri	Stenocercus	Tropiduridae	NA	Pleurodonta
Stenocercus_cadlei	Stenocercus	Tropiduridae	NA	Pleurodonta
Stenocercus_caducus	Stenocercus	Tropiduridae	NA	Pleurodonta
Stenocercus_chota	Stenocercus	Tropiduridae	NA	Pleurodonta
Stenocercus_chrysopygus	Stenocercus	Tropiduridae	NA	Pleurodonta
Stenocercus_crassicaudatus	Stenocercus	Tropiduridae	NA	Pleurodonta
Stenocercus_cupreus	Stenocercus	Tropiduridae	NA	Pleurodonta
Stenocercus_doellojuradoi	Stenocercus	Tropiduridae	NA	Pleurodonta
Stenocercus_dumerilii	Stenocercus	Tropiduridae	NA	Pleurodonta
Stenocercus_empetrus	Stenocercus	Tropiduridae	NA	Pleurodonta
Stenocercus_eunetopsis	Stenocercus	Tropiduridae	NA	Pleurodonta
Stenocercus_festae	Stenocercus	Tropiduridae	NA	Pleurodonta
Stenocercus_formosus	Stenocercus	Tropiduridae	NA	Pleurodonta
Stenocercus_guentheri	Stenocercus	Tropiduridae	NA	Pleurodonta
Stenocercus_humeralis	Stenocercus	Tropiduridae	NA	Pleurodonta
Stenocercus_imitator	Stenocercus	Tropiduridae	NA	Pleurodonta
Stenocercus_iridescens	Stenocercus	Tropiduridae	NA	Pleurodonta
Stenocercus_latebrosus	Stenocercus	Tropiduridae	NA	Pleurodonta
Stenocercus_limitaris	Stenocercus	Tropiduridae	NA	Pleurodonta
Stenocercus_marmoratus	Stenocercus	Tropiduridae	NA	Pleurodonta
Stenocercus_melanopygus	Stenocercus	Tropiduridae	NA	Pleurodonta
Stenocercus_ochoai	Stenocercus	Tropiduridae	NA	Pleurodonta
Stenocercus_orientalis	Stenocercus	Tropiduridae	NA	Pleurodonta
Stenocercus_ornatissimus	Stenocercus	Tropiduridae	NA	Pleurodonta
Stenocercus_ornatus	Stenocercus	Tropiduridae	NA	Pleurodonta
Stenocercus_percultus	Stenocercus	Tropiduridae	NA	Pleurodonta
Stenocercus_puyango	Stenocercus	Tropiduridae	NA	Pleurodonta
Stenocercus_quinarius	Stenocercus	Tropiduridae	NA	Pleurodonta
Stenocercus_rhodomelas	Stenocercus	Tropiduridae	NA	Pleurodonta
Stenocercus_roseiventris	Stenocercus	Tropiduridae	NA	Pleurodonta
Stenocercus_scapularis	Stenocercus	Tropiduridae	NA	Pleurodonta
Stenocercus_sinesaccus	Stenocercus	Tropiduridae	NA	Pleurodonta
Stenocercus_squarrosus	Stenocercus	Tropiduridae	NA	Pleurodonta
Stenocercus_stigmosus	Stenocercus	Tropiduridae	NA	Pleurodonta
Stenocercus_torquatus	Stenocercus	Tropiduridae	NA	Pleurodonta
Stenocercus_varius	Stenocercus	Tropiduridae	NA	Pleurodonta
Strobilurus_torquatus	Strobilurus	Tropiduridae	NA	Pleurodonta
Trapelus_agilis	Trapelus	Agamidae	Agaminae	Acrodonta
Trapelus_agnetae	Trapelus	Agamidae	Agaminae	Acrodonta
Trapelus_boehmei	Trapelus	Agamidae	Agaminae	Acrodonta
Trapelus_flavimaculatus	Trapelus	Agamidae	Agaminae	Acrodonta
Trapelus_mutabilis	Trapelus	Agamidae	Agaminae	Acrodonta
Trapelus_ruderatus	Trapelus	Agamidae	Agaminae	Acrodonta
Trapelus_sanguinolentus	Trapelus	Agamidae	Agaminae	Acrodonta
Trapelus_savignii	Trapelus	Agamidae	Agaminae	Acrodonta
Trioceros_affinis	Trioceros	Chamaeleonidae	NA	Acrodonta
Trioceros_balebicornutus	Trioceros	Chamaeleonidae	NA	Acrodonta
Trioceros_bitaeniatus	Trioceros	Chamaeleonidae	NA	Acrodonta
Trioceros_camerunensis	Trioceros	Chamaeleonidae	NA	Acrodonta
Trioceros_conirostratus	Trioceros	Chamaeleonidae	NA	Acrodonta
Trioceros_cristatus	Trioceros	Chamaeleonidae	NA	Acrodonta
Trioceros_deremensis	Trioceros	Chamaeleonidae	NA	Acrodonta
Trioceros_ellioti	Trioceros	Chamaeleonidae	NA	Acrodonta
Trioceros_feae	Trioceros	Chamaeleonidae	NA	Acrodonta
Trioceros_fuelleborni	Trioceros	Chamaeleonidae	NA	Acrodonta
Trioceros_goetzei	Trioceros	Chamaeleonidae	NA	Acrodonta
Trioceros_hanangensis	Trioceros	Chamaeleonidae	NA	Acrodonta
Trioceros_harennae	Trioceros	Chamaeleonidae	NA	Acrodonta
Trioceros_hoehnelii	Trioceros	Chamaeleonidae	NA	Acrodonta
Trioceros_incornutus	Trioceros	Chamaeleonidae	NA	Acrodonta
Trioceros_ituriensis	Trioceros	Chamaeleonidae	NA	Acrodonta
Trioceros_jacksonii	Trioceros	Chamaeleonidae	NA	Acrodonta
Trioceros_johnstoni	Trioceros	Chamaeleonidae	NA	Acrodonta
Trioceros_laterispinis	Trioceros	Chamaeleonidae	NA	Acrodonta
Trioceros_melleri	Trioceros	Chamaeleonidae	NA	Acrodonta
Trioceros_montium	Trioceros	Chamaeleonidae	NA	Acrodonta
Trioceros_narraioca	Trioceros	Chamaeleonidae	NA	Acrodonta
Trioceros_oweni	Trioceros	Chamaeleonidae	NA	Acrodonta
Trioceros_perreti	Trioceros	Chamaeleonidae	NA	Acrodonta
Trioceros_pfefferi	Trioceros	Chamaeleonidae	NA	Acrodonta
Trioceros_quadricornis	Trioceros	Chamaeleonidae	NA	Acrodonta
Trioceros_rudis	Trioceros	Chamaeleonidae	NA	Acrodonta
Trioceros_schubotzi	Trioceros	Chamaeleonidae	NA	Acrodonta
Trioceros_serratus	Trioceros	Chamaeleonidae	NA	Acrodonta
Trioceros_sternfeldi	Trioceros	Chamaeleonidae	NA	Acrodonta
Trioceros_tempeli	Trioceros	Chamaeleonidae	NA	Acrodonta
Trioceros_werneri	Trioceros	Chamaeleonidae	NA	Acrodonta
Trioceros_wiedersheimi	Trioceros	Chamaeleonidae	NA	Acrodonta
Tropidurus_azurduyae	Tropidurus	Tropiduridae	NA	Pleurodonta
Tropidurus_bogerti	Tropidurus	Tropiduridae	NA	Pleurodonta
Tropidurus_callathelys	Tropidurus	Tropiduridae	NA	Pleurodonta
Tropidurus_catalanensis	Tropidurus	Tropiduridae	NA	Pleurodonta
Tropidurus_chromatops	Tropidurus	Tropiduridae	NA	Pleurodonta
Tropidurus_cocorobensis	Tropidurus	Tropiduridae	NA	Pleurodonta
Tropidurus_erythrocephalus	Tropidurus	Tropiduridae	NA	Pleurodonta
Tropidurus_etheridgei	Tropidurus	Tropiduridae	NA	Pleurodonta
Tropidurus_guarani	Tropidurus	Tropiduridae	NA	Pleurodonta
Tropidurus_helenae	Tropidurus	Tropiduridae	NA	Pleurodonta
Tropidurus_hispidus	Tropidurus	Tropiduridae	NA	Pleurodonta
Tropidurus_hygomi	Tropidurus	Tropiduridae	NA	Pleurodonta
Tropidurus_imbituba	Tropidurus	Tropiduridae	NA	Pleurodonta
Tropidurus_insulanus	Tropidurus	Tropiduridae	NA	Pleurodonta
Tropidurus_itambere	Tropidurus	Tropiduridae	NA	Pleurodonta
Tropidurus_jaguaribanus	Tropidurus	Tropiduridae	NA	Pleurodonta
Tropidurus_lagunablanca	Tropidurus	Tropiduridae	NA	Pleurodonta
Tropidurus_montanus	Tropidurus	Tropiduridae	NA	Pleurodonta
Tropidurus_mucujensis	Tropidurus	Tropiduridae	NA	Pleurodonta
Tropidurus_oreadicus	Tropidurus	Tropiduridae	NA	Pleurodonta
Tropidurus_pinima	Tropidurus	Tropiduridae	NA	Pleurodonta
Tropidurus_psammonastes	Tropidurus	Tropiduridae	NA	Pleurodonta
Tropidurus_semitaeniatus	Tropidurus	Tropiduridae	NA	Pleurodonta
Tropidurus_sertanejo	Tropidurus	Tropiduridae	NA	Pleurodonta
Tropidurus_spinulosus	Tropidurus	Tropiduridae	NA	Pleurodonta
Tropidurus_tarara	Tropidurus	Tropiduridae	NA	Pleurodonta
Tropidurus_teyumirim	Tropidurus	Tropiduridae	NA	Pleurodonta
Tropidurus_torquatus	Tropidurus	Tropiduridae	NA	Pleurodonta
Tympanocryptis_cephalus	Tympanocryptis	Agamidae	Amphibolurinae	Acrodonta
Tympanocryptis_houstoni	Tympanocryptis	Agamidae	Amphibolurinae	Acrodonta
Tympanocryptis_intima	Tympanocryptis	Agamidae	Amphibolurinae	Acrodonta
Tympanocryptis_lineata	Tympanocryptis	Agamidae	Amphibolurinae	Acrodonta
Tympanocryptis_pentalineata	Tympanocryptis	Agamidae	Amphibolurinae	Acrodonta
Tympanocryptis_pinguicolla	Tympanocryptis	Agamidae	Amphibolurinae	Acrodonta
Tympanocryptis_tetraporophora	Tympanocryptis	Agamidae	Amphibolurinae	Acrodonta
Tympanocryptis_uniformis	Tympanocryptis	Agamidae	Amphibolurinae	Acrodonta
Tympanocryptis_wilsoni	Tympanocryptis	Agamidae	Amphibolurinae	Acrodonta
Uma_exsul	Uma	Phrynosomatidae	Phrynosomatinae	Pleurodonta
Uma_inornata	Uma	Phrynosomatidae	Phrynosomatinae	Pleurodonta
Uma_notata	Uma	Phrynosomatidae	Phrynosomatinae	Pleurodonta
Uma_paraphygas	Uma	Phrynosomatidae	Phrynosomatinae	Pleurodonta
Uma_rufopunctata	Uma	Phrynosomatidae	Phrynosomatinae	Pleurodonta
Uma_scoparia	Uma	Phrynosomatidae	Phrynosomatinae	Pleurodonta
Uracentron_azureum	Uracentron	Tropiduridae	NA	Pleurodonta
Uracentron_flaviceps	Uracentron	Tropiduridae	NA	Pleurodonta
Uranoscodon_superciliosus	Uranoscodon	Tropiduridae	NA	Pleurodonta
Uromastyx_acanthinura	Uromastyx	Agamidae	Uromastycinae	Acrodonta
Uromastyx_aegyptia	Uromastyx	Agamidae	Uromastycinae	Acrodonta
Uromastyx_alfredschmidti	Uromastyx	Agamidae	Uromastycinae	Acrodonta
Uromastyx_benti	Uromastyx	Agamidae	Uromastycinae	Acrodonta
Uromastyx_dispar	Uromastyx	Agamidae	Uromastycinae	Acrodonta
Uromastyx_geyri	Uromastyx	Agamidae	Uromastycinae	Acrodonta
Uromastyx_macfadyeni	Uromastyx	Agamidae	Uromastycinae	Acrodonta
Uromastyx_nigriventris	Uromastyx	Agamidae	Uromastycinae	Acrodonta
Uromastyx_ocellata	Uromastyx	Agamidae	Uromastycinae	Acrodonta
Uromastyx_ornata	Uromastyx	Agamidae	Uromastycinae	Acrodonta
Uromastyx_princeps	Uromastyx	Agamidae	Uromastycinae	Acrodonta
Uromastyx_shobraki	Uromastyx	Agamidae	Uromastycinae	Acrodonta
Uromastyx_thomasi	Uromastyx	Agamidae	Uromastycinae	Acrodonta
Uromastyx_yemenensis	Uromastyx	Agamidae	Uromastycinae	Acrodonta
Urosaurus_auriculatus	Urosaurus	Phrynosomatidae	Sceloporinae	Pleurodonta
Urosaurus_bicarinatus	Urosaurus	Phrynosomatidae	Sceloporinae	Pleurodonta
Urosaurus_clarionensis	Urosaurus	Phrynosomatidae	Sceloporinae	Pleurodonta
Urosaurus_gadovi	Urosaurus	Phrynosomatidae	Sceloporinae	Pleurodonta
Urosaurus_graciosus	Urosaurus	Phrynosomatidae	Sceloporinae	Pleurodonta
Urosaurus_lahtelai	Urosaurus	Phrynosomatidae	Sceloporinae	Pleurodonta
Urosaurus_nigricaudus	Urosaurus	Phrynosomatidae	Sceloporinae	Pleurodonta
Urosaurus_ornatus	Urosaurus	Phrynosomatidae	Sceloporinae	Pleurodonta
Urostrophus_gallardoi	Urostrophus	Leiosauridae	Enyaliinae	Pleurodonta
Urostrophus_vautieri	Urostrophus	Leiosauridae	Enyaliinae	Pleurodonta
Uta_palmeri	Uta	Phrynosomatidae	Sceloporinae	Pleurodonta
Uta_squamata	Uta	Phrynosomatidae	Sceloporinae	Pleurodonta
Uta_stansburiana	Uta	Phrynosomatidae	Sceloporinae	Pleurodonta
Xenagama_batillifera	Xenagama	Agamidae	Agaminae	Acrodonta
Xenagama_taylori	Xenagama	Agamidae	Agaminae	Acrodonta
Xenagama_wilmsi	Xenagama	Agamidae	Agaminae	Acrodonta