Species	Genus
Acanthocercus_adramitanus	Acanthocercus
Acanthocercus_annectens	Acanthocercus
Acanthocercus_atricollis	Acanthocercus
Acanthocercus_cyanogaster	Acanthocercus
Acanthocercus_yemensis	Acanthocercus
Acanthosaura_armata	Acanthosaura
Acanthosaura_capra	Acanthosaura
Acanthosaura_crucigera	Acanthosaura
Acanthosaura_lepidogaster	Acanthosaura
Agama_aculeata	Agama
Agama_africana	Agama
Agama_agama	Agama
Agama_anchietae	Agama
Agama_armata	Agama
Agama_atra	Agama
Agama_boensis	Agama
Agama_bottegi	Agama
Agama_boueti	Agama
Agama_boulengeri	Agama
Agama_caudospinosa	Agama
Agama_cristata	Agama
Agama_doriae	Agama
Agama_etoshae	Agama
Agama_finchi	Agama
Agama_gracilimembris	Agama
Agama_hartmanni	Agama
Agama_hispida	Agama
Agama_impalearis	Agama
Agama_insularis	Agama
Agama_kaimosae	Agama
Agama_kirkii	Agama
Agama_knobeli	Agama
Agama_lebretoni	Agama
Agama_lionotus	Agama
Agama_montana	Agama
Agama_mossambica	Agama
Agama_mwanzae	Agama
Agama_parafricana	Agama
Agama_paragama	Agama
Agama_planiceps	Agama
Agama_robecchii	Agama
Agama_rueppelli	Agama
Agama_sankaranica	Agama
Agama_spinosa	Agama
Agama_tassiliensis	Agama
Agama_turuensis	Agama
Agama_weidholzi	Agama
Amblyrhynchus_cristatus	Amblyrhynchus
Amphibolurus_muricatus	Amphibolurus
Amphibolurus_norrisi	Amphibolurus
Anisolepis_grilli	Anisolepis
Anisolepis_longicauda	Anisolepis
Anolis_acutus	Anolis
Anolis_aeneus	Anolis
Anolis_aequatorialis	Anolis
Anolis_agassizi	Anolis
Anolis_ahli	Anolis
Anolis_alayoni	Anolis
Anolis_alfaroi	Anolis
Anolis_aliniger	Anolis
Anolis_allisoni	Anolis
Anolis_allogus	Anolis
Anolis_alocomyos	Anolis
Anolis_altae	Anolis
Anolis_altitudinalis	Anolis
Anolis_alumina	Anolis
Anolis_alutaceus	Anolis
Anolis_alvarezdeltoroi	Anolis
Anolis_amplisquamosus	Anolis
Anolis_anatoloros	Anolis
Anolis_anfiloquioi	Anolis
Anolis_angusticeps	Anolis
Anolis_anisolepis	Anolis
Anolis_annectens	Anolis
Anolis_anoriensis	Anolis
Anolis_antonii	Anolis
Anolis_apletolepis	Anolis
Anolis_apletophallus	Anolis
Anolis_apollinaris	Anolis
Anolis_aquaticus	Anolis
Anolis_argenteolus	Anolis
Anolis_argillaceus	Anolis
Anolis_armouri	Anolis
Anolis_auratus	Anolis
Anolis_bahorucoensis	Anolis
Anolis_baleatus	Anolis
Anolis_baracoae	Anolis
Anolis_barahonae	Anolis
Anolis_barbatus	Anolis
Anolis_barbouri	Anolis
Anolis_barkeri	Anolis
Anolis_bartschi	Anolis
Anolis_benedikti	Anolis
Anolis_bicaorum	Anolis
Anolis_bimaculatus	Anolis
Anolis_biporcatus	Anolis
Anolis_bitectus	Anolis
Anolis_blanquillanus	Anolis
Anolis_bombiceps	Anolis
Anolis_bonairensis	Anolis
Anolis_boulengerianus	Anolis
Anolis_brasiliensis	Anolis
Anolis_bremeri	Anolis
Anolis_brevirostris	Anolis
Anolis_brunneus	Anolis
Anolis_calimae	Anolis
Anolis_campbelli	Anolis
Anolis_capito	Anolis
Anolis_carlliebi	Anolis
Anolis_carolinensis	Anolis
Anolis_carpenteri	Anolis
Anolis_casildae	Anolis
Anolis_caudalis	Anolis
Anolis_centralis	Anolis
Anolis_chamaeleonides	Anolis
Anolis_chloris	Anolis
Anolis_chlorocyanus	Anolis
Anolis_chlorodius	Anolis
Anolis_christophei	Anolis
Anolis_chrysolepis	Anolis
Anolis_clivicola	Anolis
Anolis_cobanensis	Anolis
Anolis_coelestinus	Anolis
Anolis_compressicauda	Anolis
Anolis_confusus	Anolis
Anolis_conspersus	Anolis
Anolis_cooki	Anolis
Anolis_crassulus	Anolis
Anolis_cristatellus	Anolis
Anolis_cryptolimifrons	Anolis
Anolis_cupeyalensis	Anolis
Anolis_cupreus	Anolis
Anolis_cuprinus	Anolis
Anolis_cusuco	Anolis
Anolis_cuvieri	Anolis
Anolis_cyanopleurus	Anolis
Anolis_cybotes	Anolis
Anolis_cymbops	Anolis
Anolis_danieli	Anolis
Anolis_darlingtoni	Anolis
Anolis_desechensis	Anolis
Anolis_dissimilis	Anolis
Anolis_distichus	Anolis
Anolis_divius	Anolis
Anolis_dolichocephalus	Anolis
Anolis_duellmani	Anolis
Anolis_dunni	Anolis
Anolis_eladioi	Anolis
Anolis_elcopeensis	Anolis
Anolis_equestris	Anolis
Anolis_ernestwilliamsi	Anolis
Anolis_etheridgei	Anolis
Anolis_eugenegrahami	Anolis
Anolis_euskalerriari	Anolis
Anolis_evermanni	Anolis
Anolis_extremus	Anolis
Anolis_fasciatus	Anolis
Anolis_ferreus	Anolis
Anolis_festae	Anolis
Anolis_fitchi	Anolis
Anolis_fortunensis	Anolis
Anolis_fowleri	Anolis
Anolis_fraseri	Anolis
Anolis_frenatus	Anolis
Anolis_fugitivus	Anolis
Anolis_fuscoauratus	Anolis
Anolis_gadovii	Anolis
Anolis_gaigei	Anolis
Anolis_garmani	Anolis
Anolis_garridoi	Anolis
Anolis_gemmosus	Anolis
Anolis_ginaelisae	Anolis
Anolis_gingivinus	Anolis
Anolis_gonavensis	Anolis
Anolis_grahami	Anolis
Anolis_griseus	Anolis
Anolis_gruuo	Anolis
Anolis_guafe	Anolis
Anolis_guamuhaya	Anolis
Anolis_guazuma	Anolis
Anolis_gundlachi	Anolis
Anolis_haetianus	Anolis
Anolis_hendersoni	Anolis
Anolis_heterodermus	Anolis
Anolis_heteropholidotus	Anolis
Anolis_hobartsmithi	Anolis
Anolis_homolechis	Anolis
Anolis_huilae	Anolis
Anolis_humilis	Anolis
Anolis_hyacinthogularis	Anolis
Anolis_ibanezi	Anolis
Anolis_imias	Anolis
Anolis_immaculogularis	Anolis
Anolis_inderenae	Anolis
Anolis_inexpectatus	Anolis
Anolis_insignis	Anolis
Anolis_insolitus	Anolis
Anolis_intermedius	Anolis
Anolis_isolepis	Anolis
Anolis_jacare	Anolis
Anolis_johnmeyeri	Anolis
Anolis_jubar	Anolis
Anolis_kemptoni	Anolis
Anolis_koopmani	Anolis
Anolis_kreutzi	Anolis
Anolis_krugi	Anolis
Anolis_kunayalae	Anolis
Anolis_laeviventris	Anolis
Anolis_landestoyi	Anolis
Anolis_latifrons	Anolis
Anolis_leachii	Anolis
Anolis_leditzigorum	Anolis
Anolis_lemurinus	Anolis
Anolis_leucodera	Anolis
Anolis_limifrons	Anolis
Anolis_lineatopus	Anolis
Anolis_lineatus	Anolis
Anolis_liogaster	Anolis
Anolis_lionotus	Anolis
Anolis_litoralis	Anolis
Anolis_lividus	Anolis
Anolis_longiceps	Anolis
Anolis_longitibialis	Anolis
Anolis_lososi	Anolis
Anolis_loveridgei	Anolis
Anolis_loysiana	Anolis
Anolis_luciae	Anolis
Anolis_lucius	Anolis
Anolis_luteogularis	Anolis
Anolis_macilentus	Anolis
Anolis_macrinii	Anolis
Anolis_maculigula	Anolis
Anolis_magnaphallus	Anolis
Anolis_marcanoi	Anolis
Anolis_mariarum	Anolis
Anolis_marmoratus	Anolis
Anolis_marron	Anolis
Anolis_marsupialis	Anolis
Anolis_matudai	Anolis
Anolis_maynardi	Anolis
Anolis_medemi	Anolis
Anolis_megapholidotus	Anolis
Anolis_meridionalis	Anolis
Anolis_mestrei	Anolis
Anolis_microlepidotus	Anolis
Anolis_microtus	Anolis
Anolis_milleri	Anolis
Anolis_monensis	Anolis
Anolis_monteverde	Anolis
Anolis_monticola	Anolis
Anolis_morazani	Anolis
Anolis_nasofrontalis	Anolis
Anolis_naufragus	Anolis
Anolis_neblininus	Anolis
Anolis_nebuloides	Anolis
Anolis_nebulosus	Anolis
Anolis_nicefori	Anolis
Anolis_nietoi	Anolis
Anolis_noblei	Anolis
Anolis_nubilus	Anolis
Anolis_occultus	Anolis
Anolis_ocelloscapularis	Anolis
Anolis_oculatus	Anolis
Anolis_olssoni	Anolis
Anolis_omiltemanus	Anolis
Anolis_onca	Anolis
Anolis_opalinus	Anolis
Anolis_ophiolepis	Anolis
Anolis_oporinus	Anolis
Anolis_orcesi	Anolis
Anolis_ortonii	Anolis
Anolis_osa	Anolis
Anolis_otongae	Anolis
Anolis_oxylophus	Anolis
Anolis_pachypus	Anolis
Anolis_parilis	Anolis
Anolis_parvicirculatus	Anolis
Anolis_paternus	Anolis
Anolis_pecuarius	Anolis
Anolis_pentaprion	Anolis
Anolis_peraccae	Anolis
Anolis_petersii	Anolis
Anolis_peucephilus	Anolis
Anolis_phyllorhinus	Anolis
Anolis_pijolense	Anolis
Anolis_placidus	Anolis
Anolis_planiceps	Anolis
Anolis_podocarpus	Anolis
Anolis_poecilopus	Anolis
Anolis_poei	Anolis
Anolis_pogus	Anolis
Anolis_polylepis	Anolis
Anolis_poncensis	Anolis
Anolis_porcatus	Anolis
Anolis_porcus	Anolis
Anolis_prasinorius	Anolis
Anolis_princeps	Anolis
Anolis_proboscis	Anolis
Anolis_pseudokemptoni	Anolis
Anolis_pseudopachypus	Anolis
Anolis_pseudotigrinus	Anolis
Anolis_pulchellus	Anolis
Anolis_pumilus	Anolis
Anolis_punctatus	Anolis
Anolis_purpurescens	Anolis
Anolis_purpurgularis	Anolis
Anolis_pygmaeus	Anolis
Anolis_quadriocellifer	Anolis
Anolis_quaggulus	Anolis
Anolis_quercorum	Anolis
Anolis_reconditus	Anolis
Anolis_rejectus	Anolis
Anolis_richardii	Anolis
Anolis_ricordii	Anolis
Anolis_rodriguezii	Anolis
Anolis_roquet	Anolis
Anolis_rubiginosus	Anolis
Anolis_rubribarbaris	Anolis
Anolis_rubribarbus	Anolis
Anolis_ruibali	Anolis
Anolis_sabanus	Anolis
Anolis_sacamecatensis	Anolis
Anolis_sagrei	Anolis
Anolis_schiedii	Anolis
Anolis_schwartzi	Anolis
Anolis_scriptus	Anolis
Anolis_scypheus	Anolis
Anolis_semilineatus	Anolis
Anolis_sericeus	Anolis
Anolis_sheplani	Anolis
Anolis_shrevei	Anolis
Anolis_singularis	Anolis
Anolis_smallwoodi	Anolis
Anolis_smaragdinus	Anolis
Anolis_sminthus	Anolis
Anolis_soinii	Anolis
Anolis_spectrum	Anolis
Anolis_stevepoei	Anolis
Anolis_strahmi	Anolis
Anolis_stratulus	Anolis
Anolis_subocularis	Anolis
Anolis_tandai	Anolis
Anolis_taylori	Anolis
Anolis_tenorioensis	Anolis
Anolis_terraealtae	Anolis
Anolis_terueli	Anolis
Anolis_tigrinus	Anolis
Anolis_tolimensis	Anolis
Anolis_townsendi	Anolis
Anolis_trachyderma	Anolis
Anolis_transversalis	Anolis
Anolis_trinitatis	Anolis
Anolis_tropidogaster	Anolis
Anolis_tropidolepis	Anolis
Anolis_tropidonotus	Anolis
Anolis_uniformis	Anolis
Anolis_unilobatus	Anolis
Anolis_urraoi	Anolis
Anolis_utilensis	Anolis
Anolis_valencienni	Anolis
Anolis_vanidicus	Anolis
Anolis_vanzolinii	Anolis
Anolis_ventrimaculatus	Anolis
Anolis_vermiculatus	Anolis
Anolis_viridius	Anolis
Anolis_vittigerus	Anolis
Anolis_wattsii	Anolis
Anolis_websteri	Anolis
Anolis_wermuthi	Anolis
Anolis_whitemani	Anolis
Anolis_williamsmittermeierorum	Anolis
Anolis_wilsoni	Anolis
Anolis_woodi	Anolis
Anolis_yoroensis	Anolis
Anolis_zapotecorum	Anolis
Anolis_zeus	Anolis
Aphaniotis_fusca	Aphaniotis
Archaius_tigris	Archaius
Basiliscus_basiliscus	Basiliscus
Basiliscus_galeritus	Basiliscus
Basiliscus_plumifrons	Basiliscus
Basiliscus_vittatus	Basiliscus
Brachylophus_bulabula	Brachylophus
Brachylophus_fasciatus	Brachylophus
Brachylophus_vitiensis	Brachylophus
Bradypodion_atromontanum	Bradypodion
Bradypodion_caeruleogula	Bradypodion
Bradypodion_caffer	Bradypodion
Bradypodion_damaranum	Bradypodion
Bradypodion_dracomontanum	Bradypodion
Bradypodion_gutturale	Bradypodion
Bradypodion_kentanicum	Bradypodion
Bradypodion_melanocephalum	Bradypodion
Bradypodion_nemorale	Bradypodion
Bradypodion_ngomeense	Bradypodion
Bradypodion_occidentale	Bradypodion
Bradypodion_pumilum	Bradypodion
Bradypodion_setaroi	Bradypodion
Bradypodion_taeniabronchum	Bradypodion
Bradypodion_thamnobates	Bradypodion
Bradypodion_transvaalense	Bradypodion
Bradypodion_ventrale	Bradypodion
Bronchocela_burmana	Bronchocela
Bronchocela_cristatella	Bronchocela
Bronchocela_jubata	Bronchocela
Bronchocela_rayaensis	Bronchocela
Bronchocela_shenlong	Bronchocela
Brookesia_ambreensis	Brookesia
Brookesia_antakarana	Brookesia
Brookesia_betschi	Brookesia
Brookesia_bonsi	Brookesia
Brookesia_brunoi	Brookesia
Brookesia_brygooi	Brookesia
Brookesia_confidens	Brookesia
Brookesia_decaryi	Brookesia
Brookesia_dentata	Brookesia
Brookesia_desperata	Brookesia
Brookesia_ebenaui	Brookesia
Brookesia_exarmata	Brookesia
Brookesia_griveaudi	Brookesia
Brookesia_karchei	Brookesia
Brookesia_lineata	Brookesia
Brookesia_micra	Brookesia
Brookesia_minima	Brookesia
Brookesia_perarmata	Brookesia
Brookesia_peyrierasi	Brookesia
Brookesia_ramanantsoai	Brookesia
Brookesia_stumpffi	Brookesia
Brookesia_superciliaris	Brookesia
Brookesia_therezieni	Brookesia
Brookesia_thieli	Brookesia
Brookesia_tristis	Brookesia
Brookesia_tuberculata	Brookesia
Brookesia_vadoni	Brookesia
Brookesia_valerieae	Brookesia
Bufoniceps_laungwalaensis	Bufoniceps
Cachryx_alfredschmidti	Cachryx
Cachryx_defensor	Cachryx
Callisaurus_draconoides	Callisaurus
Calotes_calotes	Calotes
Calotes_ceylonensis	Calotes
Calotes_chincollium	Calotes
Calotes_emma	Calotes
Calotes_grandisquamis	Calotes
Calotes_htunwini	Calotes
Calotes_irawadi	Calotes
Calotes_jerdoni	Calotes
Calotes_liocephalus	Calotes
Calotes_liolepis	Calotes
Calotes_minor	Calotes
Calotes_mystaceus	Calotes
Calotes_nemoricola	Calotes
Calotes_nigrilabris	Calotes
Calotes_versicolor	Calotes
Calumma_amber	Calumma
Calumma_ambreense	Calumma
Calumma_andringitraense	Calumma
Calumma_boettgeri	Calumma
Calumma_brevicorne	Calumma
Calumma_capuroni	Calumma
Calumma_crypticum	Calumma
Calumma_cucullatum	Calumma
Calumma_fallax	Calumma
Calumma_furcifer	Calumma
Calumma_gallus	Calumma
Calumma_gastrotaenia	Calumma
Calumma_gehringi	Calumma
Calumma_glawi	Calumma
Calumma_globifer	Calumma
Calumma_guibei	Calumma
Calumma_guillaumeti	Calumma
Calumma_hafahafa	Calumma
Calumma_hilleniusi	Calumma
Calumma_linotum	Calumma
Calumma_malthe	Calumma
Calumma_marojezense	Calumma
Calumma_nasutum	Calumma
Calumma_oshaughnessyi	Calumma
Calumma_parsonii	Calumma
Calumma_peltierorum	Calumma
Calumma_peyrierasi	Calumma
Calumma_tarzan	Calumma
Calumma_tsaratananense	Calumma
Calumma_vencesi	Calumma
Calumma_vohibola	Calumma
Ceratophora_aspera	Ceratophora
Ceratophora_erdeleni	Ceratophora
Ceratophora_karu	Ceratophora
Ceratophora_stoddartii	Ceratophora
Ceratophora_tennentii	Ceratophora
Chalarodon_madagascariensis	Chalarodon
Chamaeleo_africanus	Chamaeleo
Chamaeleo_anchietae	Chamaeleo
Chamaeleo_arabicus	Chamaeleo
Chamaeleo_calcaricarens	Chamaeleo
Chamaeleo_calyptratus	Chamaeleo
Chamaeleo_chamaeleon	Chamaeleo
Chamaeleo_dilepis	Chamaeleo
Chamaeleo_gracilis	Chamaeleo
Chamaeleo_laevigatus	Chamaeleo
Chamaeleo_monachus	Chamaeleo
Chamaeleo_namaquensis	Chamaeleo
Chamaeleo_necasi	Chamaeleo
Chamaeleo_senegalensis	Chamaeleo
Chamaeleo_zeylanicus	Chamaeleo
Chelosania_brunnea	Chelosania
Chlamydosaurus_kingii	Chlamydosaurus
Conolophus_marthae	Conolophus
Conolophus_pallidus	Conolophus
Conolophus_subcristatus	Conolophus
Cophosaurus_texanus	Cophosaurus
Cophotis_ceylanica	Cophotis
Cophotis_dumbara	Cophotis
Coryphophylax_subcristatus	Coryphophylax
Corytophanes_cristatus	Corytophanes
Corytophanes_hernandesii	Corytophanes
Corytophanes_percarinatus	Corytophanes
Crotaphytus_antiquus	Crotaphytus
Crotaphytus_bicinctores	Crotaphytus
Crotaphytus_collaris	Crotaphytus
Crotaphytus_dickersonae	Crotaphytus
Crotaphytus_grismeri	Crotaphytus
Crotaphytus_insularis	Crotaphytus
Crotaphytus_nebrius	Crotaphytus
Crotaphytus_reticulatus	Crotaphytus
Crotaphytus_vestigium	Crotaphytus
Ctenoblepharys_adspersa	Ctenoblepharys
Ctenophorus_adelaidensis	Ctenophorus
Ctenophorus_caudicinctus	Ctenophorus
Ctenophorus_clayi	Ctenophorus
Ctenophorus_cristatus	Ctenophorus
Ctenophorus_decresii	Ctenophorus
Ctenophorus_femoralis	Ctenophorus
Ctenophorus_fionni	Ctenophorus
Ctenophorus_fordi	Ctenophorus
Ctenophorus_gibba	Ctenophorus
Ctenophorus_isolepis	Ctenophorus
Ctenophorus_maculatus	Ctenophorus
Ctenophorus_maculosus	Ctenophorus
Ctenophorus_mckenziei	Ctenophorus
Ctenophorus_nuchalis	Ctenophorus
Ctenophorus_ornatus	Ctenophorus
Ctenophorus_parviceps	Ctenophorus
Ctenophorus_pictus	Ctenophorus
Ctenophorus_reticulatus	Ctenophorus
Ctenophorus_rubens	Ctenophorus
Ctenophorus_rufescens	Ctenophorus
Ctenophorus_salinarum	Ctenophorus
Ctenophorus_scutulatus	Ctenophorus
Ctenophorus_tjantjalka	Ctenophorus
Ctenophorus_vadnappa	Ctenophorus
Ctenosaura_acanthura	Ctenosaura
Ctenosaura_bakeri	Ctenosaura
Ctenosaura_clarki	Ctenosaura
Ctenosaura_flavidorsalis	Ctenosaura
Ctenosaura_hemilopha	Ctenosaura
Ctenosaura_melanosterna	Ctenosaura
Ctenosaura_oaxacana	Ctenosaura
Ctenosaura_oedirhina	Ctenosaura
Ctenosaura_palearis	Ctenosaura
Ctenosaura_pectinata	Ctenosaura
Ctenosaura_praeocularis	Ctenosaura
Ctenosaura_quinquecarinata	Ctenosaura
Ctenosaura_similis	Ctenosaura
Cyclura_carinata	Cyclura
Cyclura_collei	Cyclura
Cyclura_cornuta	Cyclura
Cyclura_cychlura	Cyclura
Cyclura_nubila	Cyclura
Cyclura_pinguis	Cyclura
Cyclura_ricordi	Cyclura
Cyclura_rileyi	Cyclura
Diplolaemus_bibronii	Diplolaemus
Diplolaemus_darwinii	Diplolaemus
Diplolaemus_leopardinus	Diplolaemus
Diplolaemus_sexcinctus	Diplolaemus
Diporiphora_albilabris	Diporiphora
Diporiphora_amphiboluroides	Diporiphora
Diporiphora_arnhemica	Diporiphora
Diporiphora_australis	Diporiphora
Diporiphora_bennettii	Diporiphora
Diporiphora_bilineata	Diporiphora
Diporiphora_lalliae	Diporiphora
Diporiphora_linga	Diporiphora
Diporiphora_magna	Diporiphora
Diporiphora_nobbi	Diporiphora
Diporiphora_phaeospinosa	Diporiphora
Diporiphora_pindan	Diporiphora
Diporiphora_reginae	Diporiphora
Diporiphora_superba	Diporiphora
Diporiphora_valens	Diporiphora
Diporiphora_winneckei	Diporiphora
Dipsosaurus_dorsalis	Dipsosaurus
Draco_beccarii	Draco
Draco_biaro	Draco
Draco_bimaculatus	Draco
Draco_blanfordii	Draco
Draco_boschmai	Draco
Draco_bourouniensis	Draco
Draco_caerulhians	Draco
Draco_cornutus	Draco
Draco_cristatellus	Draco
Draco_cyanopterus	Draco
Draco_dussumieri	Draco
Draco_fimbriatus	Draco
Draco_formosus	Draco
Draco_guentheri	Draco
Draco_haematopogon	Draco
Draco_indochinensis	Draco
Draco_lineatus	Draco
Draco_maculatus	Draco
Draco_maximus	Draco
Draco_melanopogon	Draco
Draco_mindanensis	Draco
Draco_obscurus	Draco
Draco_ornatus	Draco
Draco_palawanensis	Draco
Draco_quadrasi	Draco
Draco_quinquefasciatus	Draco
Draco_reticulatus	Draco
Draco_rhytisma	Draco
Draco_spilonotus	Draco
Draco_spilopterus	Draco
Draco_sumatranus	Draco
Draco_taeniopterus	Draco
Draco_timoriensis	Draco
Draco_volans	Draco
Enyalioides_altotambo	Enyalioides
Enyalioides_anisolepis	Enyalioides
Enyalioides_azulae	Enyalioides
Enyalioides_binzayedi	Enyalioides
Enyalioides_cofanorum	Enyalioides
Enyalioides_heterolepis	Enyalioides
Enyalioides_laticeps	Enyalioides
Enyalioides_microlepis	Enyalioides
Enyalioides_oshaughnessyi	Enyalioides
Enyalioides_palpebralis	Enyalioides
Enyalioides_praestabilis	Enyalioides
Enyalioides_rubrigularis	Enyalioides
Enyalioides_rudolfarndti	Enyalioides
Enyalioides_sophiarothschildae	Enyalioides
Enyalius_bibronii	Enyalius
Enyalius_bilineatus	Enyalius
Enyalius_brasiliensis	Enyalius
Enyalius_catenatus	Enyalius
Enyalius_erythroceneus	Enyalius
Enyalius_iheringii	Enyalius
Enyalius_leechii	Enyalius
Enyalius_perditus	Enyalius
Enyalius_pictus	Enyalius
Eurolophosaurus_amathites	Eurolophosaurus
Eurolophosaurus_divaricatus	Eurolophosaurus
Eurolophosaurus_nanuzae	Eurolophosaurus
Furcifer_angeli	Furcifer
Furcifer_antimena	Furcifer
Furcifer_balteatus	Furcifer
Furcifer_belalandaensis	Furcifer
Furcifer_bifidus	Furcifer
Furcifer_campani	Furcifer
Furcifer_cephalolepis	Furcifer
Furcifer_labordi	Furcifer
Furcifer_lateralis	Furcifer
Furcifer_major	Furcifer
Furcifer_minor	Furcifer
Furcifer_nicosiai	Furcifer
Furcifer_oustaleti	Furcifer
Furcifer_pardalis	Furcifer
Furcifer_petteri	Furcifer
Furcifer_polleni	Furcifer
Furcifer_rhinoceratus	Furcifer
Furcifer_timoni	Furcifer
Furcifer_verrucosus	Furcifer
Furcifer_viridis	Furcifer
Furcifer_willsii	Furcifer
Gambelia_copeii	Gambelia
Gambelia_sila	Gambelia
Gambelia_wislizenii	Gambelia
Gonocephalus_abbotti	Gonocephalus
Gonocephalus_bellii	Gonocephalus
Gonocephalus_bornensis	Gonocephalus
Gonocephalus_chamaeleontinus	Gonocephalus
Gonocephalus_grandis	Gonocephalus
Gonocephalus_interruptus	Gonocephalus
Gonocephalus_kuhlii	Gonocephalus
Gonocephalus_semperi	Gonocephalus
Gonocephalus_sophiae	Gonocephalus
Gowidon_longirostris	Gowidon
Gowidon_temporalis	Gowidon
Holbrookia_approximans	Holbrookia
Holbrookia_elegans	Holbrookia
Holbrookia_lacerata	Holbrookia
Holbrookia_maculata	Holbrookia
Holbrookia_propinqua	Holbrookia
Hoplocercus_spinosus	Hoplocercus
Hydrosaurus_amboinensis	Hydrosaurus
Hydrosaurus_pustulatus	Hydrosaurus
Hydrosaurus_weberi	Hydrosaurus
Hypsilurus_bruijnii	Hypsilurus
Hypsilurus_godeffroyi	Hypsilurus
Hypsilurus_modestus	Hypsilurus
Hypsilurus_nigrigularis	Hypsilurus
Hypsilurus_papuensis	Hypsilurus
Iguana_delicatissima	Iguana
Iguana_iguana	Iguana
Intellagama_lesueurii	Intellagama
Japalura_brevipes	Japalura
Japalura_chapaensis	Japalura
Japalura_flaviceps	Japalura
Japalura_luei	Japalura
Japalura_makii	Japalura
Japalura_polygonata	Japalura
Japalura_splendida	Japalura
Japalura_swinhonis	Japalura
Japalura_tricarinata	Japalura
Japalura_variegata	Japalura
Japalura_yunnanensis	Japalura
Kinyongia_adolfifriderici	Kinyongia
Kinyongia_asheorum	Kinyongia
Kinyongia_boehmei	Kinyongia
Kinyongia_carpenteri	Kinyongia
Kinyongia_excubitor	Kinyongia
Kinyongia_fischeri	Kinyongia
Kinyongia_gyrolepis	Kinyongia
Kinyongia_itombwensis	Kinyongia
Kinyongia_magomberae	Kinyongia
Kinyongia_matschiei	Kinyongia
Kinyongia_multituberculata	Kinyongia
Kinyongia_oxyrhina	Kinyongia
Kinyongia_rugegensis	Kinyongia
Kinyongia_tavetana	Kinyongia
Kinyongia_tenuis	Kinyongia
Kinyongia_tolleyae	Kinyongia
Kinyongia_uluguruensis	Kinyongia
Kinyongia_uthmoelleri	Kinyongia
Kinyongia_vanheygeni	Kinyongia
Kinyongia_vosseleri	Kinyongia
Kinyongia_xenorhina	Kinyongia
Laemanctus_longipes	Laemanctus
Laudakia_melanura	Laudakia
Laudakia_nupta	Laudakia
Laudakia_papenfussi	Laudakia
Laudakia_sacra	Laudakia
Laudakia_tuberculata	Laudakia
Laudakia_wui	Laudakia
Leiocephalus_barahonensis	Leiocephalus
Leiocephalus_carinatus	Leiocephalus
Leiocephalus_cubensis	Leiocephalus
Leiocephalus_inaguae	Leiocephalus
Leiocephalus_lunatus	Leiocephalus
Leiocephalus_macropus	Leiocephalus
Leiocephalus_melanochlorus	Leiocephalus
Leiocephalus_onaneyi	Leiocephalus
Leiocephalus_personatus	Leiocephalus
Leiocephalus_psammodromus	Leiocephalus
Leiocephalus_raviceps	Leiocephalus
Leiocephalus_schreibersii	Leiocephalus
Leiocephalus_semilineatus	Leiocephalus
Leiocephalus_sixtoi	Leiocephalus
Leiocephalus_stictigaster	Leiocephalus
Leiolepis_belliana	Leiolepis
Leiolepis_boehmei	Leiolepis
Leiolepis_guentherpetersi	Leiolepis
Leiolepis_guttata	Leiolepis
Leiolepis_reevesii	Leiolepis
Leiosaurus_bellii	Leiosaurus
Leiosaurus_catamarcensis	Leiosaurus
Leiosaurus_jaguaris	Leiosaurus
Leiosaurus_paronae	Leiosaurus
Liolaemus_abaucan	Liolaemus
Liolaemus_albiceps	Liolaemus
Liolaemus_alticolor	Liolaemus
Liolaemus_andinus	Liolaemus
Liolaemus_annectens	Liolaemus
Liolaemus_anomalus	Liolaemus
Liolaemus_antumalguen	Liolaemus
Liolaemus_arambarensis	Liolaemus
Liolaemus_araucaniensis	Liolaemus
Liolaemus_archeforus	Liolaemus
Liolaemus_atacamensis	Liolaemus
Liolaemus_audituvelatus	Liolaemus
Liolaemus_austromendocinus	Liolaemus
Liolaemus_avilai	Liolaemus
Liolaemus_azarai	Liolaemus
Liolaemus_baguali	Liolaemus
Liolaemus_bellii	Liolaemus
Liolaemus_bibronii	Liolaemus
Liolaemus_bitaeniatus	Liolaemus
Liolaemus_boulengeri	Liolaemus
Liolaemus_buergeri	Liolaemus
Liolaemus_burmeisteri	Liolaemus
Liolaemus_calchaqui	Liolaemus
Liolaemus_canqueli	Liolaemus
Liolaemus_capillitas	Liolaemus
Liolaemus_carlosgarini	Liolaemus
Liolaemus_casamiquelai	Liolaemus
Liolaemus_chacabucoense	Liolaemus
Liolaemus_chacoensis	Liolaemus
Liolaemus_chaltin	Liolaemus
Liolaemus_chavin	Liolaemus
Liolaemus_chehuachekenk	Liolaemus
Liolaemus_chiliensis	Liolaemus
Liolaemus_chillanensis	Liolaemus
Liolaemus_choique	Liolaemus
Liolaemus_coeruleus	Liolaemus
Liolaemus_confusus	Liolaemus
Liolaemus_crandalli	Liolaemus
Liolaemus_cranwelli	Liolaemus
Liolaemus_crepuscularis	Liolaemus
Liolaemus_cristiani	Liolaemus
Liolaemus_curicensis	Liolaemus
Liolaemus_curis	Liolaemus
Liolaemus_cuyanus	Liolaemus
Liolaemus_cuyumhue	Liolaemus
Liolaemus_cyanogaster	Liolaemus
Liolaemus_darwinii	Liolaemus
Liolaemus_dicktracyi	Liolaemus
Liolaemus_donosobarrosi	Liolaemus
Liolaemus_dorbignyi	Liolaemus
Liolaemus_eleodori	Liolaemus
Liolaemus_elongatus	Liolaemus
Liolaemus_escarchadosi	Liolaemus
Liolaemus_espinozai	Liolaemus
Liolaemus_etheridgei	Liolaemus
Liolaemus_fabiani	Liolaemus
Liolaemus_famatinae	Liolaemus
Liolaemus_fitzingerii	Liolaemus
Liolaemus_flavipiceus	Liolaemus
Liolaemus_frassinettii	Liolaemus
Liolaemus_fuscus	Liolaemus
Liolaemus_gallardoi	Liolaemus
Liolaemus_goetschi	Liolaemus
Liolaemus_gracilis	Liolaemus
Liolaemus_gravenhorstii	Liolaemus
Liolaemus_grosseorum	Liolaemus
Liolaemus_gununakuna	Liolaemus
Liolaemus_hatcheri	Liolaemus
Liolaemus_heliodermis	Liolaemus
Liolaemus_hermannunezi	Liolaemus
Liolaemus_huacahuasicus	Liolaemus
Liolaemus_inacayali	Liolaemus
Liolaemus_incaicus	Liolaemus
Liolaemus_insolitus	Liolaemus
Liolaemus_irregularis	Liolaemus
Liolaemus_isabelae	Liolaemus
Liolaemus_jamesi	Liolaemus
Liolaemus_janequeoae	Liolaemus
Liolaemus_josei	Liolaemus
Liolaemus_kingii	Liolaemus
Liolaemus_kolengh	Liolaemus
Liolaemus_koslowskyi	Liolaemus
Liolaemus_kriegi	Liolaemus
Liolaemus_kuhlmanni	Liolaemus
Liolaemus_laurenti	Liolaemus
Liolaemus_lavillai	Liolaemus
Liolaemus_leftrarui	Liolaemus
Liolaemus_lemniscatus	Liolaemus
Liolaemus_lentus	Liolaemus
Liolaemus_leopardinus	Liolaemus
Liolaemus_lineomaculatus	Liolaemus
Liolaemus_loboi	Liolaemus
Liolaemus_lutzae	Liolaemus
Liolaemus_magellanicus	Liolaemus
Liolaemus_mapuche	Liolaemus
Liolaemus_martorii	Liolaemus
Liolaemus_melanogaster	Liolaemus
Liolaemus_melanops	Liolaemus
Liolaemus_molinai	Liolaemus
Liolaemus_monticola	Liolaemus
Liolaemus_morandae	Liolaemus
Liolaemus_morenoi	Liolaemus
Liolaemus_multicolor	Liolaemus
Liolaemus_multimaculatus	Liolaemus
Liolaemus_neuquensis	Liolaemus
Liolaemus_nigromaculatus	Liolaemus
Liolaemus_nigroviridis	Liolaemus
Liolaemus_nitidus	Liolaemus
Liolaemus_occipitalis	Liolaemus
Liolaemus_olongasta	Liolaemus
Liolaemus_orientalis	Liolaemus
Liolaemus_ornatus	Liolaemus
Liolaemus_ortizii	Liolaemus
Liolaemus_pachacutec	Liolaemus
Liolaemus_pagaburoi	Liolaemus
Liolaemus_parvus	Liolaemus
Liolaemus_paulinae	Liolaemus
Liolaemus_petrophilus	Liolaemus
Liolaemus_pictus	Liolaemus
Liolaemus_platei	Liolaemus
Liolaemus_poconchilensis	Liolaemus
Liolaemus_poecilochromus	Liolaemus
Liolaemus_polystictus	Liolaemus
Liolaemus_pseudoanomalus	Liolaemus
Liolaemus_pseudolemniscatus	Liolaemus
Liolaemus_puelche	Liolaemus
Liolaemus_puna	Liolaemus
Liolaemus_punmahuida	Liolaemus
Liolaemus_quilmes	Liolaemus
Liolaemus_ramirezae	Liolaemus
Liolaemus_riojanus	Liolaemus
Liolaemus_robertmertensi	Liolaemus
Liolaemus_robustus	Liolaemus
Liolaemus_rothi	Liolaemus
Liolaemus_ruibali	Liolaemus
Liolaemus_sagei	Liolaemus
Liolaemus_salinicola	Liolaemus
Liolaemus_sarmientoi	Liolaemus
Liolaemus_saxatilis	Liolaemus
Liolaemus_scapularis	Liolaemus
Liolaemus_schroederi	Liolaemus
Liolaemus_scolaroi	Liolaemus
Liolaemus_scorialis	Liolaemus
Liolaemus_senguer	Liolaemus
Liolaemus_septentrionalis	Liolaemus
Liolaemus_shitan	Liolaemus
Liolaemus_signifer	Liolaemus
Liolaemus_silvai	Liolaemus
Liolaemus_silvanae	Liolaemus
Liolaemus_sitesi	Liolaemus
Liolaemus_smaug	Liolaemus
Liolaemus_somuncurae	Liolaemus
Liolaemus_stolzmanni	Liolaemus
Liolaemus_tacnae	Liolaemus
Liolaemus_talampaya	Liolaemus
Liolaemus_tari	Liolaemus
Liolaemus_tehuelche	Liolaemus
Liolaemus_telsen	Liolaemus
Liolaemus_tenuis	Liolaemus
Liolaemus_thermarum	Liolaemus
Liolaemus_thomasi	Liolaemus
Liolaemus_torresi	Liolaemus
Liolaemus_tregenzai	Liolaemus
Liolaemus_tristis	Liolaemus
Liolaemus_tromen	Liolaemus
Liolaemus_tulkas	Liolaemus
Liolaemus_umbrifer	Liolaemus
Liolaemus_uniformis	Liolaemus
Liolaemus_uptoni	Liolaemus
Liolaemus_uspallatensis	Liolaemus
Liolaemus_vallecurensis	Liolaemus
Liolaemus_velosoi	Liolaemus
Liolaemus_walkeri	Liolaemus
Liolaemus_wari	Liolaemus
Liolaemus_wiegmannii	Liolaemus
Liolaemus_williamsi	Liolaemus
Liolaemus_xanthoviridis	Liolaemus
Liolaemus_yanalcu	Liolaemus
Liolaemus_zabalai	Liolaemus
Liolaemus_zapallarensis	Liolaemus
Liolaemus_zullyae	Liolaemus
Lophocalotes_achlios	Lophocalotes
Lophocalotes_ludekingi	Lophocalotes
Lophognathus_burnsi	Lophognathus
Lophognathus_gilberti	Lophognathus
Lophosaurus_boydii	Lophosaurus
Lophosaurus_dilophus	Lophosaurus
Lophosaurus_spinipes	Lophosaurus
Lyriocephalus_scutatus	Lyriocephalus
Malayodracon_robinsonii	Malayodracon
Mantheyus_phuwuanensis	Mantheyus
Microlophus_albemarlensis	Microlophus
Microlophus_atacamensis	Microlophus
Microlophus_bivittatus	Microlophus
Microlophus_delanonis	Microlophus
Microlophus_duncanensis	Microlophus
Microlophus_grayii	Microlophus
Microlophus_habelii	Microlophus
Microlophus_heterolepis	Microlophus
Microlophus_indefatigabilis	Microlophus
Microlophus_jacobii	Microlophus
Microlophus_koepckeorum	Microlophus
Microlophus_occipitalis	Microlophus
Microlophus_pacificus	Microlophus
Microlophus_peruvianus	Microlophus
Microlophus_quadrivittatus	Microlophus
Microlophus_stolzmanni	Microlophus
Microlophus_theresiae	Microlophus
Microlophus_theresioides	Microlophus
Microlophus_thoracicus	Microlophus
Microlophus_tigris	Microlophus
Microlophus_yanezi	Microlophus
Moloch_horridus	Moloch
Morunasaurus_annularis	Morunasaurus
Nadzikambia_baylissi	Nadzikambia
Nadzikambia_mlanjensis	Nadzikambia
Oplurus_cuvieri	Oplurus
Oplurus_cyclurus	Oplurus
Oplurus_fierinensis	Oplurus
Oplurus_grandidieri	Oplurus
Oplurus_quadrimaculatus	Oplurus
Oplurus_saxicola	Oplurus
Otocryptis_beddomei	Otocryptis
Otocryptis_wiegmanni	Otocryptis
Palleon_lolontany	Palleon
Palleon_nasus	Palleon
Paralaudakia_caucasia	Paralaudakia
Paralaudakia_erythrogaster	Paralaudakia
Paralaudakia_himalayana	Paralaudakia
Paralaudakia_lehmanni	Paralaudakia
Paralaudakia_microlepis	Paralaudakia
Paralaudakia_stoliczkana	Paralaudakia
Petrosaurus_mearnsi	Petrosaurus
Petrosaurus_repens	Petrosaurus
Petrosaurus_thalassinus	Petrosaurus
Phoxophrys_nigrilabris	Phoxophrys
Phrynocephalus_ahvazicus	Phrynocephalus
Phrynocephalus_arabicus	Phrynocephalus
Phrynocephalus_axillaris	Phrynocephalus
Phrynocephalus_clarkorum	Phrynocephalus
Phrynocephalus_erythrurus	Phrynocephalus
Phrynocephalus_forsythii	Phrynocephalus
Phrynocephalus_golubewii	Phrynocephalus
Phrynocephalus_guttatus	Phrynocephalus
Phrynocephalus_helioscopus	Phrynocephalus
Phrynocephalus_interscapularis	Phrynocephalus
Phrynocephalus_luteoguttatus	Phrynocephalus
Phrynocephalus_maculatus	Phrynocephalus
Phrynocephalus_mystaceus	Phrynocephalus
Phrynocephalus_ornatus	Phrynocephalus
Phrynocephalus_persicus	Phrynocephalus
Phrynocephalus_przewalskii	Phrynocephalus
Phrynocephalus_putjatai	Phrynocephalus
Phrynocephalus_raddei	Phrynocephalus
Phrynocephalus_reticulatus	Phrynocephalus
Phrynocephalus_roborowskii	Phrynocephalus
Phrynocephalus_rossikowi	Phrynocephalus
Phrynocephalus_sakoi	Phrynocephalus
Phrynocephalus_scutellatus	Phrynocephalus
Phrynocephalus_strauchi	Phrynocephalus
Phrynocephalus_theobaldi	Phrynocephalus
Phrynocephalus_versicolor	Phrynocephalus
Phrynocephalus_vlangalii	Phrynocephalus
Phrynosoma_asio	Phrynosoma
Phrynosoma_blainvillii	Phrynosoma
Phrynosoma_braconnieri	Phrynosoma
Phrynosoma_cerroense	Phrynosoma
Phrynosoma_cornutum	Phrynosoma
Phrynosoma_coronatum	Phrynosoma
Phrynosoma_ditmarsi	Phrynosoma
Phrynosoma_douglasii	Phrynosoma
Phrynosoma_goodei	Phrynosoma
Phrynosoma_hernandesi	Phrynosoma
Phrynosoma_mcallii	Phrynosoma
Phrynosoma_modestum	Phrynosoma
Phrynosoma_orbiculare	Phrynosoma
Phrynosoma_platyrhinos	Phrynosoma
Phrynosoma_sherbrookei	Phrynosoma
Phrynosoma_solare	Phrynosoma
Phrynosoma_taurus	Phrynosoma
Phrynosoma_wigginsi	Phrynosoma
Phymaturus_aguedae	Phymaturus
Phymaturus_alicahuense	Phymaturus
Phymaturus_antofagastensis	Phymaturus
Phymaturus_bibronii	Phymaturus
Phymaturus_cacivioi	Phymaturus
Phymaturus_calcogaster	Phymaturus
Phymaturus_camilae	Phymaturus
Phymaturus_castillensis	Phymaturus
Phymaturus_ceii	Phymaturus
Phymaturus_damasense	Phymaturus
Phymaturus_darwini	Phymaturus
Phymaturus_delheyi	Phymaturus
Phymaturus_denotatus	Phymaturus
Phymaturus_dorsimaculatus	Phymaturus
Phymaturus_etheridgei	Phymaturus
Phymaturus_excelsus	Phymaturus
Phymaturus_extrilidus	Phymaturus
Phymaturus_felixi	Phymaturus
Phymaturus_indistinctus	Phymaturus
Phymaturus_laurenti	Phymaturus
Phymaturus_mallimaccii	Phymaturus
Phymaturus_manuelae	Phymaturus
Phymaturus_maulense	Phymaturus
Phymaturus_nevadoi	Phymaturus
Phymaturus_palluma	Phymaturus
Phymaturus_patagonicus	Phymaturus
Phymaturus_payuniae	Phymaturus
Phymaturus_punae	Phymaturus
Phymaturus_querque	Phymaturus
Phymaturus_rahuensis	Phymaturus
Phymaturus_roigorum	Phymaturus
Phymaturus_sinervoi	Phymaturus
Phymaturus_sitesi	Phymaturus
Phymaturus_somuncurensis	Phymaturus
Phymaturus_spectabilis	Phymaturus
Phymaturus_spurcus	Phymaturus
Phymaturus_tenebrosus	Phymaturus
Phymaturus_tromen	Phymaturus
Phymaturus_verdugo	Phymaturus
Phymaturus_videlai	Phymaturus
Phymaturus_vociferator	Phymaturus
Phymaturus_williamsi	Phymaturus
Phymaturus_yachanana	Phymaturus
Phymaturus_zapalensis	Phymaturus
Physignathus_cocincinus	Physignathus
Plica_lumaria	Plica
Plica_plica	Plica
Plica_umbra	Plica
Pogona_barbata	Pogona
Pogona_henrylawsoni	Pogona
Pogona_minima	Pogona
Pogona_minor	Pogona
Pogona_mitchelli	Pogona
Pogona_nullarbor	Pogona
Pogona_vitticeps	Pogona
Polychrus_acutirostris	Polychrus
Polychrus_auduboni	Polychrus
Polychrus_femoralis	Polychrus
Polychrus_gutturosus	Polychrus
Polychrus_jacquelinae	Polychrus
Polychrus_liogaster	Polychrus
Polychrus_marmoratus	Polychrus
Polychrus_peruvianus	Polychrus
Pristidactylus_achalensis	Pristidactylus
Pristidactylus_araucanus	Pristidactylus
Pristidactylus_fasciatus	Pristidactylus
Pristidactylus_nigroiugulus	Pristidactylus
Pristidactylus_scapulatus	Pristidactylus
Pristidactylus_torquatus	Pristidactylus
Psammophilus_dorsalis	Psammophilus
Pseudocalotes_baliomus	Pseudocalotes
Pseudocalotes_brevipes	Pseudocalotes
Pseudocalotes_cybelidermus	Pseudocalotes
Pseudocalotes_drogon	Pseudocalotes
Pseudocalotes_flavigula	Pseudocalotes
Pseudocalotes_floweri	Pseudocalotes
Pseudocalotes_guttalineatus	Pseudocalotes
Pseudocalotes_kakhienensis	Pseudocalotes
Pseudocalotes_kingdonwardi	Pseudocalotes
Pseudocalotes_larutensis	Pseudocalotes
Pseudocalotes_microlepis	Pseudocalotes
Pseudocalotes_rhaegal	Pseudocalotes
Pseudocalotes_rhammanotus	Pseudocalotes
Pseudocalotes_tympanistriga	Pseudocalotes
Pseudocalotes_viserion	Pseudocalotes
Pseudotrapelus_aqabensis	Pseudotrapelus
Pseudotrapelus_chlodnickii	Pseudotrapelus
Pseudotrapelus_dhofarensis	Pseudotrapelus
Pseudotrapelus_jensvindumi	Pseudotrapelus
Pseudotrapelus_neumanni	Pseudotrapelus
Pseudotrapelus_sinaitus	Pseudotrapelus
Ptyctolaemus_collicristatus	Ptyctolaemus
Ptyctolaemus_gularis	Ptyctolaemus
Rankinia_diemensis	Rankinia
Rhampholeon_acuminatus	Rhampholeon
Rhampholeon_beraduccii	Rhampholeon
Rhampholeon_boulengeri	Rhampholeon
Rhampholeon_chapmanorum	Rhampholeon
Rhampholeon_gorongosae	Rhampholeon
Rhampholeon_hattinghi	Rhampholeon
Rhampholeon_marshalli	Rhampholeon
Rhampholeon_moyeri	Rhampholeon
Rhampholeon_nchisiensis	Rhampholeon
Rhampholeon_platyceps	Rhampholeon
Rhampholeon_spectrum	Rhampholeon
Rhampholeon_spinosus	Rhampholeon
Rhampholeon_temporalis	Rhampholeon
Rhampholeon_uluguruensis	Rhampholeon
Rhampholeon_viridis	Rhampholeon
Rieppeleon_brachyurus	Rieppeleon
Rieppeleon_brevicaudatus	Rieppeleon
Rieppeleon_kerstenii	Rieppeleon
Saara_asmussi	Saara
Saara_hardwickii	Saara
Saara_loricata	Saara
Salea_anamallayana	Salea
Salea_horsfieldii	Salea
Sarada_darwini	Sarada
Sarada_deccanensis	Sarada
Sarada_superba	Sarada
Sauromalus_ater	Sauromalus
Sauromalus_hispidus	Sauromalus
Sauromalus_klauberi	Sauromalus
Sauromalus_varius	Sauromalus
Sceloporus_acanthinus	Sceloporus
Sceloporus_adleri	Sceloporus
Sceloporus_aeneus	Sceloporus
Sceloporus_anahuacus	Sceloporus
Sceloporus_angustus	Sceloporus
Sceloporus_arenicolus	Sceloporus
Sceloporus_asper	Sceloporus
Sceloporus_aurantius	Sceloporus
Sceloporus_aureolus	Sceloporus
Sceloporus_bicanthalis	Sceloporus
Sceloporus_bimaculosus	Sceloporus
Sceloporus_bulleri	Sceloporus
Sceloporus_carinatus	Sceloporus
Sceloporus_cautus	Sceloporus
Sceloporus_chaneyi	Sceloporus
Sceloporus_chrysostictus	Sceloporus
Sceloporus_clarkii	Sceloporus
Sceloporus_consobrinus	Sceloporus
Sceloporus_couchii	Sceloporus
Sceloporus_cowlesi	Sceloporus
Sceloporus_cozumelae	Sceloporus
Sceloporus_cryptus	Sceloporus
Sceloporus_cyanogenys	Sceloporus
Sceloporus_cyanostictus	Sceloporus
Sceloporus_druckercolini	Sceloporus
Sceloporus_dugesii	Sceloporus
Sceloporus_edwardtaylori	Sceloporus
Sceloporus_exsul	Sceloporus
Sceloporus_formosus	Sceloporus
Sceloporus_gadoviae	Sceloporus
Sceloporus_gadsdeni	Sceloporus
Sceloporus_goldmani	Sceloporus
Sceloporus_graciosus	Sceloporus
Sceloporus_grammicus	Sceloporus
Sceloporus_grandaevus	Sceloporus
Sceloporus_heterolepis	Sceloporus
Sceloporus_horridus	Sceloporus
Sceloporus_hunsakeri	Sceloporus
Sceloporus_insignis	Sceloporus
Sceloporus_internasalis	Sceloporus
Sceloporus_jalapae	Sceloporus
Sceloporus_jarrovii	Sceloporus
Sceloporus_licki	Sceloporus
Sceloporus_lineatulus	Sceloporus
Sceloporus_lundelli	Sceloporus
Sceloporus_macdougalli	Sceloporus
Sceloporus_maculosus	Sceloporus
Sceloporus_magister	Sceloporus
Sceloporus_malachiticus	Sceloporus
Sceloporus_megalepidurus	Sceloporus
Sceloporus_melanorhinus	Sceloporus
Sceloporus_merriami	Sceloporus
Sceloporus_minor	Sceloporus
Sceloporus_mucronatus	Sceloporus
Sceloporus_nelsoni	Sceloporus
Sceloporus_occidentalis	Sceloporus
Sceloporus_ochoterenae	Sceloporus
Sceloporus_olivaceus	Sceloporus
Sceloporus_orcutti	Sceloporus
Sceloporus_ornatus	Sceloporus
Sceloporus_palaciosi	Sceloporus
Sceloporus_parvus	Sceloporus
Sceloporus_pictus	Sceloporus
Sceloporus_poinsettii	Sceloporus
Sceloporus_pyrocephalus	Sceloporus
Sceloporus_samcolemani	Sceloporus
Sceloporus_scalaris	Sceloporus
Sceloporus_serrifer	Sceloporus
Sceloporus_shannonorum	Sceloporus
Sceloporus_siniferus	Sceloporus
Sceloporus_slevini	Sceloporus
Sceloporus_smaragdinus	Sceloporus
Sceloporus_smithi	Sceloporus
Sceloporus_spinosus	Sceloporus
Sceloporus_squamosus	Sceloporus
Sceloporus_stejnegeri	Sceloporus
Sceloporus_subniger	Sceloporus
Sceloporus_subpictus	Sceloporus
Sceloporus_taeniocnemis	Sceloporus
Sceloporus_teapensis	Sceloporus
Sceloporus_torquatus	Sceloporus
Sceloporus_tristichus	Sceloporus
Sceloporus_undulatus	Sceloporus
Sceloporus_uniformis	Sceloporus
Sceloporus_utiformis	Sceloporus
Sceloporus_variabilis	Sceloporus
Sceloporus_virgatus	Sceloporus
Sceloporus_woodi	Sceloporus
Sceloporus_zosteromus	Sceloporus
Sitana_laticeps	Sitana
Sitana_marudhamneydhal	Sitana
Sitana_ponticeriana	Sitana
Sitana_spinaecephalus	Sitana
Sitana_visiri	Sitana
Stellagama_stellio	Stellagama
Stenocercus_angel	Stenocercus
Stenocercus_angulifer	Stenocercus
Stenocercus_apurimacus	Stenocercus
Stenocercus_azureus	Stenocercus
Stenocercus_boettgeri	Stenocercus
Stenocercus_cadlei	Stenocercus
Stenocercus_caducus	Stenocercus
Stenocercus_chota	Stenocercus
Stenocercus_chrysopygus	Stenocercus
Stenocercus_crassicaudatus	Stenocercus
Stenocercus_cupreus	Stenocercus
Stenocercus_doellojuradoi	Stenocercus
Stenocercus_dumerilii	Stenocercus
Stenocercus_empetrus	Stenocercus
Stenocercus_eunetopsis	Stenocercus
Stenocercus_festae	Stenocercus
Stenocercus_formosus	Stenocercus
Stenocercus_guentheri	Stenocercus
Stenocercus_humeralis	Stenocercus
Stenocercus_imitator	Stenocercus
Stenocercus_iridescens	Stenocercus
Stenocercus_latebrosus	Stenocercus
Stenocercus_limitaris	Stenocercus
Stenocercus_marmoratus	Stenocercus
Stenocercus_melanopygus	Stenocercus
Stenocercus_ochoai	Stenocercus
Stenocercus_orientalis	Stenocercus
Stenocercus_ornatissimus	Stenocercus
Stenocercus_ornatus	Stenocercus
Stenocercus_percultus	Stenocercus
Stenocercus_puyango	Stenocercus
Stenocercus_quinarius	Stenocercus
Stenocercus_rhodomelas	Stenocercus
Stenocercus_roseiventris	Stenocercus
Stenocercus_scapularis	Stenocercus
Stenocercus_sinesaccus	Stenocercus
Stenocercus_squarrosus	Stenocercus
Stenocercus_stigmosus	Stenocercus
Stenocercus_torquatus	Stenocercus
Stenocercus_varius	Stenocercus
Strobilurus_torquatus	Strobilurus
Trapelus_agilis	Trapelus
Trapelus_agnetae	Trapelus
Trapelus_boehmei	Trapelus
Trapelus_flavimaculatus	Trapelus
Trapelus_mutabilis	Trapelus
Trapelus_ruderatus	Trapelus
Trapelus_sanguinolentus	Trapelus
Trapelus_savignii	Trapelus
Trioceros_affinis	Trioceros
Trioceros_balebicornutus	Trioceros
Trioceros_bitaeniatus	Trioceros
Trioceros_camerunensis	Trioceros
Trioceros_conirostratus	Trioceros
Trioceros_cristatus	Trioceros
Trioceros_deremensis	Trioceros
Trioceros_ellioti	Trioceros
Trioceros_feae	Trioceros
Trioceros_fuelleborni	Trioceros
Trioceros_goetzei	Trioceros
Trioceros_hanangensis	Trioceros
Trioceros_harennae	Trioceros
Trioceros_hoehnelii	Trioceros
Trioceros_incornutus	Trioceros
Trioceros_ituriensis	Trioceros
Trioceros_jacksonii	Trioceros
Trioceros_johnstoni	Trioceros
Trioceros_laterispinis	Trioceros
Trioceros_melleri	Trioceros
Trioceros_montium	Trioceros
Trioceros_narraioca	Trioceros
Trioceros_oweni	Trioceros
Trioceros_perreti	Trioceros
Trioceros_pfefferi	Trioceros
Trioceros_quadricornis	Trioceros
Trioceros_rudis	Trioceros
Trioceros_schubotzi	Trioceros
Trioceros_serratus	Trioceros
Trioceros_sternfeldi	Trioceros
Trioceros_tempeli	Trioceros
Trioceros_werneri	Trioceros
Trioceros_wiedersheimi	Trioceros
Tropidurus_azurduyae	Tropidurus
Tropidurus_bogerti	Tropidurus
Tropidurus_callathelys	Tropidurus
Tropidurus_catalanensis	Tropidurus
Tropidurus_chromatops	Tropidurus
Tropidurus_cocorobensis	Tropidurus
Tropidurus_erythrocephalus	Tropidurus
Tropidurus_etheridgei	Tropidurus
Tropidurus_guarani	Tropidurus
Tropidurus_helenae	Tropidurus
Tropidurus_hispidus	Tropidurus
Tropidurus_hygomi	Tropidurus
Tropidurus_imbituba	Tropidurus
Tropidurus_insulanus	Tropidurus
Tropidurus_itambere	Tropidurus
Tropidurus_jaguaribanus	Tropidurus
Tropidurus_lagunablanca	Tropidurus
Tropidurus_montanus	Tropidurus
Tropidurus_mucujensis	Tropidurus
Tropidurus_oreadicus	Tropidurus
Tropidurus_pinima	Tropidurus
Tropidurus_psammonastes	Tropidurus
Tropidurus_semitaeniatus	Tropidurus
Tropidurus_sertanejo	Tropidurus
Tropidurus_spinulosus	Tropidurus
Tropidurus_tarara	Tropidurus
Tropidurus_teyumirim	Tropidurus
Tropidurus_torquatus	Tropidurus
Tympanocryptis_cephalus	Tympanocryptis
Tympanocryptis_houstoni	Tympanocryptis
Tympanocryptis_intima	Tympanocryptis
Tympanocryptis_lineata	Tympanocryptis
Tympanocryptis_pentalineata	Tympanocryptis
Tympanocryptis_pinguicolla	Tympanocryptis
Tympanocryptis_tetraporophora	Tympanocryptis
Tympanocryptis_uniformis	Tympanocryptis
Tympanocryptis_wilsoni	Tympanocryptis
Uma_exsul	Uma
Uma_inornata	Uma
Uma_notata	Uma
Uma_paraphygas	Uma
Uma_rufopunctata	Uma
Uma_scoparia	Uma
Uracentron_azureum	Uracentron
Uracentron_flaviceps	Uracentron
Uranoscodon_superciliosus	Uranoscodon
Uromastyx_acanthinura	Uromastyx
Uromastyx_aegyptia	Uromastyx
Uromastyx_alfredschmidti	Uromastyx
Uromastyx_benti	Uromastyx
Uromastyx_dispar	Uromastyx
Uromastyx_geyri	Uromastyx
Uromastyx_macfadyeni	Uromastyx
Uromastyx_nigriventris	Uromastyx
Uromastyx_ocellata	Uromastyx
Uromastyx_ornata	Uromastyx
Uromastyx_princeps	Uromastyx
Uromastyx_shobraki	Uromastyx
Uromastyx_thomasi	Uromastyx
Uromastyx_yemenensis	Uromastyx
Urosaurus_auriculatus	Urosaurus
Urosaurus_bicarinatus	Urosaurus
Urosaurus_clarionensis	Urosaurus
Urosaurus_gadovi	Urosaurus
Urosaurus_graciosus	Urosaurus
Urosaurus_lahtelai	Urosaurus
Urosaurus_nigricaudus	Urosaurus
Urosaurus_ornatus	Urosaurus
Urostrophus_gallardoi	Urostrophus
Urostrophus_vautieri	Urostrophus
Uta_palmeri	Uta
Uta_squamata	Uta
Uta_stansburiana	Uta
Xenagama_batillifera	Xenagama
Xenagama_taylori	Xenagama
Xenagama_wilmsi	Xenagama
